Poverty_Incidence_pct,Illiteracy_Rate_pct,Uninsured_Rate_pct,Unemployment_Rate_pct,Youth_Dependency_Ratio,Latitude,Longitude,Condom_Use_Women_pct,VCT_Women_pct,HIV_Awareness_Women_pct,PMTCT_Knowledge_Women_pct,No_Insurance_Women_pct,Literacy_Women_pct,Edu_Secondary_Women_pct,No_Education_Women_pct,Modern_Contraception_pct,Adolescent_Fertility_Rate,Wife_Beating_Accept_pct,Unmet_FP_Need_pct,HIV_Prev_Total_pct_actual,District
-3.4617018175146254e-07,2.2390385796343654e-06,0.0016976189170569097,-1.0706496453294356e-18,8.673617379884035e-19,0.0015420445666112128,0.012073887740264782,0.0007935990485343367,0.4098884509173937,0.004226363978802524,0.007319327852283248,0.013493476627258638,0.001798819729495929,0.03870800885620513,0.0041064190307269705,0.005674518705738014,0.002048780713829484,-0.20837118596563048,0.00024012200689846065,2.2,Asunafo North Municipal
-7.065074064497456e-07,-5.2183632917066506e-08,-0.0012790551373426755,-8.565197162635485e-18,4.336808689942018e-19,0.0015420445666112156,0.01217729103860659,0.0007821959433792863,0.4091516373733251,0.004192437110910249,0.007528890799641263,0.01384646810704113,0.0017928883188977392,0.03836864161556704,0.0040636492114433645,0.006005812859868914,0.0020309468232810888,-0.20919155040071993,0.00023060605439657574,2.2,Asunafo South
-3.461701817522215e-07,2.2390385796336877e-06,0.0016976189170569028,-7.928228386300251e-19,2.168404344971009e-18,0.0015420445666112128,0.012073887740264784,0.0007935990485343358,0.4098884509173938,0.004226363978802527,0.007319327852283262,0.013493476627258635,0.0017988197294959295,0.03870800885620511,0.004106419030726967,0.0056745187057380105,0.002048780713829484,-0.20837118596563012,0.0002401220068984602,2.2,Asutifi North
-3.461701817531024e-07,2.2390385796343484e-06,0.001176912323019544,7.453889935837843e-20,1.0842021724855044e-19,0.0015420445666112135,0.012215585938796547,0.0007935990485343362,0.40972312580774417,0.004220953601809657,0.007319327852283255,0.013636066593475469,0.0017988197294959282,0.03867298172895925,0.004101759374328614,0.005663446569626093,0.002045313694725795,-0.2085098061108397,0.00024012200689846038,2.2,Asutifi South
-3.461701817511373e-07,2.2390385796359104e-06,0.001840709342791379,7.453889935837843e-20,3.469446951953614e-18,0.0015420445666112152,0.0106412256169865,0.0007935990485343384,0.4094821195563927,0.0042263639788025255,0.007324053267353501,0.013493476627258635,0.00179881972949593,0.03852964295800881,0.004106419030726969,0.005525953304268604,0.0020487807138294873,-0.20875259689738565,0.00023964188179359042,2.2,Tano North Municipal
-3.461701817531566e-07,2.2390385796340774e-06,0.0016190542209481359,-5.759824041329242e-19,3.2526065174565133e-19,0.0015420445666112143,0.008160219239256538,0.0007935990485343367,0.4084179262943797,0.004226363978802529,0.0073240532673534975,0.01349347662725864,0.0017988197294959286,0.038332985579216224,0.004106419030726969,0.005300959474704097,0.0020487807138294834,-0.20956409092744172,0.0002396418817935902,2.2,Tano South Municipal
-6.329483722120098e-07,-2.918882138476149e-07,-0.0003941600375230211,5.827586677109586e-19,-2.8104553189897685e-18,0.0013234310626760852,-0.001701642374033691,-0.0008792369488111429,0.2893148845638013,0.0011880338449318459,0.006356453201580639,0.0016751151869426283,0.004693623257404794,-0.043398614892590226,0.0024614268344058015,-2.7619976081419583e-05,0.0020500821230228393,-0.26718940705800626,0.00017070164273330223,1.9,Adansi Asokwa
-6.329483722112916e-07,-1.0403993314701376e-05,-0.000356408474316009,1.3857459017080354e-18,1.6093625997831706e-18,0.0013122095547859628,-0.0014831780545777238,-0.0008787369955357494,0.2891050364986094,0.0011637305203243476,0.006356453201580636,0.0016762066564011528,0.004694750113420085,-0.04344520352810603,0.0024503770370341666,-2.5559177630648353e-05,0.0020531658470396416,-0.26714036230620813,0.00017070164273330266,1.9,Adansi North
-6.329483722114677e-07,-2.9188821384747936e-07,-0.0003786830404051211,2.9815559743351372e-18,-1.9159885266892274e-18,0.0013153850856645996,-0.0016899069172648267,-0.0008792369488111434,0.28931590375612565,0.0011880338449318472,0.006356453201580639,0.0016751151869426287,0.0046962852605218096,-0.04329322586599262,0.0024614268344058006,-2.451130314516134e-05,0.0020491279784354633,-0.26731953142909953,0.00017043478656398822,1.9,Adansi South
-6.329483722123351e-07,-1.5195401970958126e-08,-0.00038998886086131026,7.352245982167327e-19,-2.3767744499955668e-18,0.0013951788240028373,0.00041739974126198543,-0.0008738166701426862,0.2879827268511075,0.0010463513400717046,0.006356453201580636,0.0016843774353810538,0.0047029798866016085,-0.0445330718565269,0.0023741433137341814,-9.960677508190398e-06,0.0020621840720560156,-0.266763973325798,0.00019181046268137146,1.9,Afigya Kwabre North
-6.329483722116846e-07,-1.0127300502828989e-05,-2.2047147349323597e-05,7.894347068410079e-19,-3.488081676793209e-18,0.0013928843452821367,-0.0008864918603706698,-0.0008749288652171958,0.28848110126503107,0.0011212605990176623,0.006356453201580637,0.0016771936210934924,0.004697537071481865,-0.04397361383743988,0.002408382753931488,-1.680159617929208e-05,0.00205991148891749,-0.2669469410356783,0.00017900583864122394,1.9,Afigya Kwabre South
-6.329483722117388e-07,-1.5195401970565103e-08,-0.000379716819118397,-3.550762114890027e-18,-8.588914085158605e-19,0.001396868320576265,0.0024284803792370266,-0.0008701232890036909,0.2865994432009423,0.001010157389237149,0.006351727786510398,0.0016866605569556845,0.004703641559688399,-0.04560973105410432,0.0023614769068246383,6.82887295163944e-05,0.0020667496918392913,-0.2663747596165464,0.00020362999508712542,1.9,Ahafo Ano North Municipal
-6.32948372211793e-07,-1.519540197227272e-08,-0.0003895101968050601,2.032879073410321e-18,1.1689054672109345e-19,0.001396868320576266,0.001196807925562656,-0.0008712310299711807,0.2874952461488106,0.0010075994606434326,0.006356453201580637,0.0016858910022139759,0.004703641559688397,-0.044955575628287385,0.002361476906824642,-5.263649150641912e-07,0.0020649398834246702,-0.26661291744679244,0.0002036299950871252,1.9,Ahafo Ano South East
-6.32948372211793e-07,-1.51954019721643e-08,-0.0004264223441332038,3.7947076036992655e-18,-6.14945919706622e-19,0.0013968683205762633,0.0016247395882158242,-0.0008701232890036904,0.2873007334541582,0.0010101573892371486,0.0063564532015806426,0.0016866605569556836,0.004703641559688396,-0.0452562861129412,0.002361476906824639,1.9784509022067835e-05,0.0020667496918392904,-0.26653526968946567,0.00020362999508712553,1.9,Ahafo Ano South West
-6.329483722117388e-07,-1.5195401971595095e-08,-0.000431391394918463,8.538092108323347e-19,-1.616138863361205e-18,0.0012143426877701349,0.0009765315778584749,-0.000871231029971181,0.28785087955055133,0.0010075994606434339,0.006356453201580639,0.0016858910022139759,0.004703641559688398,-0.044780425213716245,0.002361476906824641,-6.1123749278216706e-06,0.0020649398834246694,-0.26669031706922014,0.00020051498983941545,1.9,Akrofuom
-6.32948372211793e-07,-1.5195401972354036e-08,-0.0003895101968050634,5.4752209710517974e-18,5.251604272976662e-19,0.0012355006273188705,0.001002838116905356,-0.0008712310299711813,0.2877465151704083,0.0010075994606434339,0.006356453201580641,0.0016858910022139754,0.004703641559688396,-0.04478042521371623,0.00236147690682464,-6.112374927821928e-06,0.0020649398834246694,-0.2666752983657855,0.00020051498983941556,1.9,Amansie Central
-6.329483722111967e-07,-1.5195401971269834e-08,-0.0004688570243543313,1.2739375526704677e-18,2.5851445550201246e-18,0.0012355006273188653,0.0015462688895363176,-0.0008701232890036907,0.2875095798077524,0.0010101573892371503,0.0063564532015806426,0.0016866605569556832,0.004703641559688395,-0.04513746473932818,0.00236147690682464,1.9784509022066968e-05,0.0020667496918392895,-0.2665806643445147,0.00020362999508712553,1.9,Amansie South
-6.329483722111425e-07,-1.51954019721643e-08,-0.00043139139491846473,4.743384504624082e-19,8.758320674609466e-19,0.001396868320576266,0.001045827954969628,-0.0008712310299711809,0.2876393280518525,0.0010075994606434339,0.006356453201580639,0.0016858910022139754,0.004703641559688395,-0.04486016611768329,0.002361476906824642,-6.1123749278211285e-06,0.0020649398834246694,-0.26665084667647115,0.00020051498983941545,1.9,Amansie West
-3.203179312356836e-07,-2.589890804806548e-05,0.0005078942021602582,1.3908280993915612e-18,3.1238575094738597e-18,0.001390903678089184,-0.00086101414376176,-0.000877985780525533,0.2890643773975751,0.0011296865978926995,0.00631360816866078,0.001717976013081922,0.004724558277970361,-0.0436593107916157,0.0023901663673944248,1.522041982383922e-06,0.002080743418573561,-0.2684290674791519,0.0001743068515205355,1.9,Asante Akim Central Municipal
-6.329483722126604e-07,-2.9188821384551425e-07,-0.0003635095891179216,-1.260385025514399e-18,6.335806445462167e-19,0.0013909036780891848,-0.0008615657700369687,-0.0008801644976185989,0.289439738881856,0.0012239764660350882,0.006356453201580641,0.001716052033360696,0.004723432692614895,-0.04320002143899738,0.002468613241202406,-4.6842047285986534e-06,0.0020760636098943732,-0.2686126526602437,0.0001704347865639881,1.9,Asante Akim North Municipal
-6.329483722120098e-07,-2.918882138449044e-07,-0.0003635095891179224,1.4907779871675686e-19,-1.455202603382888e-18,0.001390903678089184,-0.0008417206713886228,-0.0008801644976185991,0.28944201112113394,0.0012110032494107561,0.0063564532015806426,0.0017160520333606986,0.004723432692614892,-0.043212249501238205,0.002468613241202404,-4.684204728597761e-06,0.0020760636098943732,-0.26860956871930475,0.000170434786563988,1.9,Asante Akim South Municipal
-3.203179312347756e-07,2.0794774529536804e-07,0.0005177957144937162,8.978549240895584e-19,5.7293308552280875e-18,0.0013881909187242706,-0.0015371169299036157,-0.0008765582784426826,0.2887204158446853,0.001082413868806291,0.006313608168660783,0.0016781306361223793,0.004695875698775558,-0.04394825833358077,0.0023719301632261864,-1.9352930919665573e-05,0.0020578456557188308,-0.2669772359400031,0.00017457370768984994,1.9,Asokore Mampong Municipal
-3.203179312252346e-07,-2.5622215236187183e-05,0.0006162722797163951,4.20128341838133e-18,9.163202423397021e-18,0.0013928843452821371,-0.0010414687725769146,-0.000874928865217196,0.2883464333743181,0.00105550775918896,0.006313608168660787,0.001678130636122378,0.0046973086387695545,-0.04422008249594033,0.002343087657184095,-1.1063442862201405e-05,0.0020605180310285633,-0.26686607374102855,0.00017795455438848745,1.9,Asokwa Municipal
-6.329483722135277e-07,-1.0127300502827959e-05,-0.00019954497748716108,1.8736368793265124e-18,-2.2937652211646453e-18,0.0013968683205762646,0.0010664227491714265,-0.000869052312878115,0.2873988570107111,0.0010075994606434326,0.006356453201580637,0.0016858910022139763,0.004703641559688399,-0.044909963616706614,0.002361476906824642,-5.545441155959191e-06,0.0020673903777473756,-0.26660867731094134,0.00020108891275438508,1.9,Atwima Kwanwoma
-6.329483722111425e-07,-1.5195401971649305e-08,0.00019103769083059503,-4.607859233063394e-19,-1.238362168885787e-18,0.0013968683205762642,0.0023773755004613773,-0.0008679445719106247,0.2864424362796851,0.000980590307775542,0.006342529008666152,0.0016872223082072485,0.004703641559688398,-0.046003096125156975,0.002327253048506086,6.63857227371038e-05,0.002069766975056268,-0.2662782032652617,0.00020693097778048117,1.9,Atwima Mponua
-3.203179312387871e-07,-2.5622215236192814e-05,0.0004181581632354599,5.72594272343907e-19,5.251604272976662e-19,0.0013968683205762655,0.001097459787481573,-0.0008690523128781152,0.28727003909470944,0.0009388532746846879,0.006313608168660783,0.0016867469597115468,0.0047047671450438705,-0.045376061867586547,0.0023105852482625975,-1.2953902547899301e-06,0.002069046981943261,-0.2664960225013515,0.00020438705479596257,1.9,Atwima Nwabiagya North
-6.329483722110341e-07,-2.5622215236190754e-05,0.00026056774416532877,1.0062751413381088e-18,7.148958074826295e-19,0.0013968683205762664,0.0016738579216720355,-0.0008679445719106251,0.28698168840925226,0.0009694532209517223,0.0063274354025534135,0.001687222308207248,0.0047036415596884,-0.045681917253898814,0.0023272530485060885,2.261132124132391e-05,0.00207057199060899,-0.26640983964191856,0.0002069309777804816,1.9,Atwima Nwabiagya South Municipal
-6.32948372210641e-07,-1.0127300502829314e-05,-0.0003558169372260548,7.352245982167327e-19,-3.892963425580764e-18,0.001392884345282141,-0.001045489291553286,-0.0008771075823102629,0.288756896964742,0.0011368244107070144,0.006356453201580636,0.001676206656401152,0.0046961830534140835,-0.04367564445081874,0.002421534530992077,-2.0469156703160617e-05,0.0020558382223493732,-0.26703947061354605,0.0001740824894319404,1.9,Bekwai Municipal
-6.329483722093535e-07,-2.9188821384451136e-07,-0.0003941600375230235,-2.168404344971009e-19,-1.726253146504264e-18,0.0013885487579882662,-0.0010327312289078743,-0.0008792369488111435,0.28935016593065893,0.0012007717510465392,0.006356453201580639,0.0016972103721509975,0.004715747973946776,-0.043283065177852215,0.002464603024088738,-1.3248513360189854e-05,0.0020713026210372864,-0.2681697260821537,0.0001704347865639881,1.9,Bosome Freho
-6.329483722128772e-07,-1.0403993314709996e-05,-0.00033590110902696974,3.6591823321385775e-19,-3.4863876108987e-18,0.0013193446792395193,-0.0009860835152423542,-0.0008826045948776614,0.28951119911335516,0.0012239764660350882,0.006356453201580637,0.0017160520333606964,0.004706786442935418,-0.043056844296126294,0.002495291943041023,-5.0084701450844865e-06,0.0020756616096208377,-0.26865557575475935,0.00017043478656398822,1.9,Bosomtwi
-3.2031793123954606e-07,-2.5898908048065527e-05,0.0004137678065010163,7.894347068410079e-19,4.184342759436244e-18,0.0013869440845142578,-0.0017905253841479334,-0.0008770582317180771,0.28896931111532576,0.0011192876589730986,0.006313608168660783,0.0016759711444401975,0.004693731088533735,-0.04380651515267489,0.002410535175843759,-2.2802991408388547e-05,0.002053235076954053,-0.2670456984476408,0.0001745737076898501,1.9,Ejisu Municipal
-6.329483722122267e-07,-2.9188821384747936e-07,-0.0003635095891179208,5.068645156369733e-18,-6.420509740187597e-19,0.001386944084514256,-0.0017404926432773012,-0.0008792369488111431,0.2892765456492638,0.0011880338449318441,0.006356453201580637,0.0016751151869426283,0.004696285260521811,-0.04330337434270649,0.0024614268344058023,-2.4511303145160094e-05,0.0020491279784354633,-0.267306171569648,0.000170434786563988,1.9,Ejura Sekyedumase Municipal
-6.329483722137852e-07,-2.918882138464358e-07,-0.00034199434738602005,-3.9776667203061944e-18,-1.1299419516372367e-18,0.0013193446792395232,-0.0009860835152423547,-0.000882604594877661,0.28951189327408716,0.0012239764660350822,0.006356453201580637,0.0017160520333606968,0.004706786442935418,-0.04306293753448536,0.002495291943041023,-5.008470145084866e-06,0.0020756616096208377,-0.26865419554387393,0.0001704347865639881,1.9,Juaben Municipal
-6.329483722025773e-07,-2.5622215236186926e-05,0.0002551200293238152,7.352245982167327e-19,1.3012120135720562e-17,0.0013951788240028403,0.0004487257970591387,-0.0008716379530496203,0.2877339465694863,0.0010056471717862774,0.006327435402553417,0.0016849391866326192,0.0047029798866016085,-0.04495870299748451,0.002339919455415628,-7.133865288934689e-06,0.0020660063708257148,-0.2666491345657643,0.00019511144537472775,1.9,"Kumasi Metropolitan Area (KMA)-Bantama, Manhyia North, Manhyia South, Nhyiaeso, & Subin"
-6.329483722071309e-07,-1.0403993314701214e-05,0.00018294719476853727,1.2231155758352097e-18,-3.4863876108987e-18,0.001388190918724271,-0.0017052335736931529,-0.0008770582317180767,0.28897783562203405,0.0011455500234863198,0.006342529008666147,0.0016756769381941923,0.0046936232574047955,-0.04373307000384292,0.002427202976087248,-2.479316386216344e-05,0.0020539042185003563,-0.2670681252746226,0.00017400262542665928,1.9,Kwabre East
-3.2031793122718616e-07,-2.562221523618118e-05,0.0004181581632354549,1.2231155758352097e-18,1.2090548289107883e-17,0.001396868320576265,0.0010974597874815696,-0.0008690523128781146,0.28727003909470894,0.0009388532746846877,0.006313608168660785,0.0016867469597115472,0.004704767145043865,-0.045376061867586526,0.0023105852482625993,-1.2953902547900386e-06,0.00206904698194326,-0.26649602250135207,0.00020438705479596257,1.9,Kwadaso Municipal
-6.329483722126604e-07,-2.918882138430748e-07,-0.00036350958911792234,8.978549240895584e-19,2.2598839032744733e-18,0.0013869440845142552,-0.0017404926432773005,-0.0008792369488111437,0.2892765456492637,0.001188033844931845,0.006356453201580636,0.001675115186942627,0.004696285260521811,-0.04330337434270649,0.0024614268344058023,-2.451130314516096e-05,0.0020491279784354633,-0.26730617156964825,0.0001704347865639881,1.9,Mampong Municipal
-3.203179312343419e-07,-2.5622215236191574e-05,0.0006162722797163928,1.3315357930837601e-18,1.8228149024912543e-18,0.0012518543698760557,-0.0010692694922880075,-0.0008749288652171965,0.2884638938139713,0.0010555077591889595,0.006313608168660782,0.0016781306361223793,0.004697308638769558,-0.04414034159197331,0.002343087657184096,-1.106344286220196e-05,0.002060518031028562,-0.26689444438953225,0.00017795455438848778,1.9,Obuasi East
-3.2031793123369137e-07,-2.562221523618881e-05,0.0005122845588947003,1.4941661189565858e-18,9.434252966518397e-18,0.0012355006273188686,0.0010366776717582423,-0.0008690523128781147,0.28737523594763037,0.0009262828091253779,0.00631360816866078,0.001687814981935202,0.004704767145043869,-0.04529632096361955,0.0022830300330166633,9.387178316029663e-08,0.002069619692103859,-0.2665158411585351,0.00020438705479596312,1.9,Obuasi Municipal
-6.329483722131483e-07,-1.519540197097168e-08,-0.00038951019680505904,3.015437292225309e-19,-1.9159885266892274e-18,0.0013968683205762638,0.0010636202326286808,-0.0008712310299711807,0.28756906328856713,0.001007599460643433,0.006356453201580636,0.0016858910022139763,0.004703641559688397,-0.044860166117683335,0.002361476906824641,-6.112374927821562e-06,0.002064939883424671,-0.2666402553889581,0.00020051498983941502,1.9,Offinso Municipal
-6.32948372212064e-07,-1.5195401971635752e-08,-0.00038951019680506056,-2.4936649967166602e-18,-1.0215217343886862e-18,0.0013968683205762642,0.001063620232628686,-0.0008712310299711809,0.2875690632885672,0.0010075994606434339,0.006356453201580639,0.0016858910022139759,0.004703641559688398,-0.04486016611768333,0.00236147690682464,-6.112374927821711e-06,0.002064939883424672,-0.2666402553889582,0.00020051498983941513,1.9,Offinso North
-6.329483722023604e-07,-2.5898908048058825e-05,0.0002512083366456238,1.7110065534536867e-18,1.415053241683034e-17,0.0013881909187242723,-0.0016513885776878834,-0.000877058231718077,0.2889647695546576,0.0011344129366625004,0.006327435402553419,0.001675676938194194,0.004694750113420088,-0.04381410887109292,0.0024161531787156134,-2.273236541139183e-05,0.002054709234053075,-0.2670473437428561,0.00017400262542665874,1.9,Oforikrom Municipal
-6.329483722062636e-07,-1.012730050282284e-05,-1.2907458131156807e-05,6.640738306473715e-19,1.1556917532337674e-17,0.0013928843452821367,-0.0010510709008247265,-0.0008749288652171965,0.288516469940988,0.0011212605990176623,0.006356453201580641,0.0016762066564011545,0.004696183053414084,-0.043816400131697374,0.0024083827539314864,-1.861975633402882e-05,0.002058617206940937,-0.26697518740517123,0.00017556260256160802,1.9,Old Tafo Municipal
3.6078057216078164e-05,3.1926361193196336e-05,-0.00038169897415500404,-4.472333961502706e-19,-1.5094127120071632e-18,0.001390903678089181,-0.0009249110539566438,-0.0008826045948776612,0.2894975462537458,0.00122397646603509,0.006356453201580639,0.0017160520333606981,0.004723432692614895,-0.04326490889483626,0.002495291943041022,-4.742541278760965e-06,0.0020756616096208377,-0.26861674543008945,0.000170434786563988,1.9,Sekyere Afram Plains
-6.32948372211793e-07,-2.918882138469508e-07,-0.00039416003752301915,7.453889935837843e-19,-2.2683542327470163e-18,0.0013909036780891827,-0.0008235361020744292,-0.0008801644976185987,0.2894552454378445,0.0012110032494107566,0.006356453201580637,0.0017160520333606973,0.004723432692614891,-0.0432077388849444,0.0024686132412024032,-4.684204728597828e-06,0.0020760636098943732,-0.26861484777321853,0.0001704347865639879,1.9,Sekyere Central
-6.329483722122131e-07,-1.0403993314704575e-05,0.00018294719476854023,1.2281977735187355e-18,-2.4021854384131958e-18,0.0013909036780891857,-0.000745562318466206,-0.0008770582317180771,0.28911663405200655,0.0011712046695849289,0.006342529008666144,0.0017182322282639992,0.004724362909458262,-0.04359617165924965,0.002434389382883851,-1.857392509341306e-06,0.002079996600220008,-0.2684611033557011,0.0001737357692573444,1.9,Sekyere East
-6.329483722128772e-07,-2.9188821384594793e-07,-0.0003705644187781132,7.453889935837843e-19,-2.1057239068741906e-18,0.0013909036780891822,-0.0008376032619072299,-0.0008801644976185987,0.28944612853061524,0.0012110032494107553,0.006356453201580639,0.0017160520333606973,0.004723432692614891,-0.04321224950123821,0.0024686132412024032,-4.684204728597828e-06,0.0020760636098943724,-0.26861074870860724,0.000170434786563988,1.9,Sekyere Kumawu
-6.32948372213094e-07,-1.0403993314701647e-05,-0.0003574163507588737,7.352245982167327e-19,-4.05559375145359e-18,0.0013869440845142547,-0.0017568994990437847,-0.000879236948811144,0.2892751111498133,0.0011880338449318446,0.006356453201580636,0.001675115186942627,0.004693623257404792,-0.043407180747238754,0.0024614268344058023,-2.7619976081419583e-05,0.0020500821230228393,-0.26717595526786053,0.00017070164273330244,1.9,Sekyere South
-6.329483722040952e-07,-1.0127300502823003e-05,0.00018685888744672803,4.743384504624082e-18,7.707999820014133e-18,0.001395178824002839,0.0004464992788444208,-0.00087163795304962,0.2877403468875187,0.0010167842586100968,0.006342529008666151,0.0016849391866326187,0.0047029798866016085,-0.044925835387815555,0.0023399194554156247,-7.1338652889344585e-06,0.002065201355272996,-0.2666588354254903,0.00019511144537472775,1.9,Suame Municipal
-1.86779240190739e-06,-5.218363291653796e-08,0.0006861777620557082,-3.8624702394796095e-19,-1.700842158086635e-18,0.0015358593927205203,0.008363660478403295,0.0008320911630182254,0.41561912981185384,0.004089527011970049,0.0033169911906107455,0.007780434562186604,0.00575112485059027,0.03850406187300687,0.00410352134054658,0.007815849144758944,-0.002357705945055465,-0.20141787359169414,0.00022121652492905524,2.2,Banda
-5.773958930924833e-07,-9.043472988997877e-05,0.0015292683537838424,1.5585406229479126e-19,4.777265822514254e-18,0.0015358593927205233,0.008330294259839497,0.000832091163018225,0.4156572162582542,0.00411058176192143,0.003174413076195544,0.007626769378378742,0.005757056261188462,0.03856211329159003,0.004114817720820445,0.00765097089972957,-0.002349023454189221,-0.20122123603769212,0.0002219653940891769,2.2,Berekum East Municipal
-5.773958930924833e-07,2.2390385796370555e-06,0.0015746563747563017,4.743384504624082e-20,2.9883322379131716e-18,0.0015358593927205194,0.008330294259839482,0.0008320911630182258,0.4156709830375008,0.004110581761921426,0.0031744130761955447,0.007626769378378747,0.005757056261188464,0.03858479535072414,0.004114817720820441,0.00765097089972957,-0.002349023454189221,-0.20119574666551365,0.0002219653940891771,2.2,Berekum West
-5.773958930961696e-07,2.2390385796370555e-06,0.001574656374756293,9.0801931945661e-19,4.723055713889979e-18,0.0015358593927205246,0.00833029425983947,0.0008320911630182258,0.41567098303750083,0.004110581761921426,0.0031744130761955447,0.0076267693783787435,0.005757056261188464,0.03858479535072417,0.004114817720820441,0.007650970899729574,-0.00234902345418922,-0.2011957466655138,0.0002219653940891769,2.2,Dormaa Central Municipal
-5.773958930949431e-07,2.2390385796355377e-06,0.0015746563747562983,3.7269449679189215e-19,4.506215279392878e-18,0.0015358593927205237,0.00833029425983947,0.000832091163018225,0.41567098303750055,0.004110581761921429,0.003174413076195544,0.007626769378378745,0.005757056261188463,0.03858479535072419,0.0041148177208204404,0.007650970899729568,-0.002349023454189221,-0.20119574666551365,0.0002219653940891769,2.2,Dormaa East
-5.773958930966642e-07,2.239038579634328e-06,0.0014926494894734505,-1.3552527156068805e-20,-4.811147140404426e-19,0.0015358593927205233,0.009002606488906042,0.0008320911630182248,0.41574270173532213,0.004110581761921432,0.003174413076195546,0.007626769378378735,0.005757056261188458,0.03873809165590888,0.004114817720820442,0.0076891302056682825,-0.002349023454189219,-0.20104922631824246,0.00022196539408917608,2.2,Dormaa West
-5.773958930924833e-07,2.2390385796359442e-06,0.0015746563747563009,2.642742795433417e-19,-7.250602028496811e-19,0.0015358593927205192,0.008330294259839464,0.000832091163018225,0.41567098303750016,0.004110581761921431,0.0031744130761955447,0.007626769378378742,0.00575705626118847,0.03858479535072419,0.004114817720820441,0.007650970899729574,-0.002349023454189221,-0.20119574666551424,0.00022196539408917668,2.2,Jaman North
-5.77395893094218e-07,2.2390385796357274e-06,0.0015746563747563,8.063753657860939e-19,-5.082197683525802e-19,0.0015358593927205198,0.008330294259839468,0.0008320911630182258,0.41567098303750055,0.004110581761921429,0.0031744130761955456,0.00762676937837874,0.005757056261188467,0.038584795350724184,0.004114817720820441,0.00765097089972957,-0.002349023454189221,-0.20119574666551412,0.0002219653940891769,2.2,Jaman South
-5.773958930896644e-07,-9.043472988997891e-05,0.0015292683537838415,1.5585406229479126e-19,6.034262716239636e-18,0.0015358593927205246,0.008330294259839497,0.000832091163018225,0.4156572162582543,0.004110581761921432,0.0031744130761955447,0.0076267693783787435,0.005757056261188461,0.03856211329159005,0.004114817720820441,0.00765097089972957,-0.002349023454189222,-0.20122123603769157,0.0002219653940891771,2.2,Sunyani Municipal
-5.773958930960815e-07,2.2390385796364863e-06,0.0015746563747562965,2.642742795433417e-19,3.042542346537447e-18,0.0015358593927205224,0.008330294259839484,0.000832091163018225,0.41567098303750033,0.004110581761921425,0.003174413076195544,0.0076267693783787435,0.005757056261188462,0.03858479535072421,0.004114817720820443,0.007650970899729575,-0.002349023454189221,-0.20119574666551368,0.00022196539408917798,2.2,Sunyani West Municipal
-5.773958930961357e-07,2.2390385796337623e-06,0.00158148428443862,1.2332799712022613e-18,-1.3755815063409838e-18,0.0015358593927205196,0.007885681491719039,0.0008320911630182245,0.415924004530206,0.004110581761921434,0.0031791384912657865,0.007626769378378742,0.00575705626118846,0.03854570003885324,0.004114817720820442,0.007963329304815423,-0.002349023454189221,-0.20128849168296203,0.00022148526898430754,2.2,Tain
-5.773958930961764e-07,2.2390385796342163e-06,0.0015498193912805388,-3.8624702394796095e-19,-1.1587410718438829e-18,0.0015358593927205198,0.0071668302853577556,0.0008320911630182245,0.4162594799158591,0.004110581761921431,0.003179138491265786,0.0076267693783787435,0.00575705626118846,0.03851053721511724,0.0041148177208204404,0.008564435888909374,-0.0023490234541892205,-0.20143939472945338,0.00022148526898430694,2.2,Wenchi Municipal
-1.8677924019080608e-06,-1.3878128047036361e-06,-7.603070737243194e-05,5.8479154678436895e-18,-8.961608581950498e-19,0.0015255035866180528,-0.0012675175282028136,0.0015527942970164764,0.42931541810949786,0.005962107345774265,0.00012329505432806236,0.0021367362186857936,0.0017374924283380996,0.03886514453486993,0.00407447807120961,0.010212542819598632,0.00445950607813971,-0.20811976860327827,0.003143699493850458,2.2,Atebubu Amantin Municipal
-5.773958930962035e-07,2.2390385796344907e-06,0.0007735002313726076,3.7269449679189215e-19,7.962109704190423e-20,0.0015755166676714302,0.00234920127185265,0.0015973330449044027,0.4294977974862948,0.005173475375559114,0.00012621140678300698,0.002160653051544667,0.001771523646504982,0.039324603613662655,0.004158178649319786,0.00869168424824898,0.0024946573719186217,-0.20562881306911557,0.0015749609546579437,2.2,Kintampo North Municipal
-5.773958930951193e-07,2.2390385796337657e-06,0.0010351616389971143,2.2090619264392153e-18,-1.5415999640028266e-19,0.0015755166676714276,0.002349920437745667,0.0015973330449044036,0.4295028116193738,0.005178885752551975,0.00012621140678300676,0.0021621008749457315,0.001771523646504983,0.039331320659898715,0.004162838305718142,0.008422725090148069,0.002427050499396693,-0.2055778766481181,0.0015749609546579445,2.2,Kintampo South
-5.773958930956614e-07,2.2390385796337013e-06,0.0010619013111550421,2.2090619264392153e-18,3.8794108984246956e-19,0.0015755166676714285,0.0022204087882134217,0.0015922745682476907,0.4294439638647185,0.005247602177392218,0.00012621140678300665,0.0021621008749457315,0.001768590957249131,0.039322302551925294,0.00416283830571814,0.008422725090148069,0.002427050499396693,-0.20559880888140597,0.0017058057690210937,2.2,Nkoranza North
-5.773958930958375e-07,2.239038579633959e-06,0.0010619013111550478,-2.846030702774449e-19,-6.420509740187597e-19,0.0015755166676714306,0.0023499204377456645,0.0015973330449044019,0.4294641732669264,0.005178885752551973,0.00012621140678300687,0.0021621008749457315,0.001771523646504982,0.03933644948110351,0.00416283830571814,0.008422725090148074,0.002427050499396691,-0.2055711067890336,0.0015749609546579454,2.2,Nkoranza South Municipal
-1.8677924019083996e-06,0.00010422241760714191,-0.000621319248951759,1.836367429647323e-18,-1.6008922703106276e-18,0.0015255035866180535,-0.0012869468295230184,0.001541391191861425,0.4293236802824264,0.00595587312504588,0.00012329505432806127,0.0021367362186857936,0.0017374924283381013,0.03882120333936812,0.004063907433849805,0.010350775548865414,0.004736321794061898,-0.20822054746056035,0.0033524245042479608,2.2,Pru East
-1.867792401907871e-06,0.00010422241760714172,-0.0006536660872161216,-2.8189256484623115e-18,-1.3840518358135268e-18,0.0015255035866180541,-0.0010768388813852826,0.0015458000805606486,0.42922681133250984,0.005902031224125117,0.00012329505432806192,0.002146100546676916,0.0017424234203752692,0.03883898708305174,0.004063907433849804,0.010356291544255249,0.004600144704486673,-0.20815342457782088,0.0033524245042479608,2.2,Pru West
0.00010646416690882947,0.00010422241760714185,-0.0004891191922304537,-2.8189256484623115e-18,-1.0045810754436002e-18,0.001525503586618052,-0.0017133776323929877,0.001528412572589783,0.4292490106986477,0.005955873125045883,0.0001232950543280617,0.0021367362186857945,0.0016602312643531044,0.03875080835157949,0.004043682877742368,0.010424396012518928,0.004807126199253089,-0.2083235446316361,0.0033524245042479608,2.2,Sene East
-5.773958930956885e-07,0.000106513639819693,0.0008744240148930008,1.072682524402846e-17,-5.166900978251232e-19,0.0015255035866180526,-0.0013630722392234942,0.001552794297016476,0.42926583713005384,0.005989799992938155,0.0001262114067830073,0.002139309587947177,0.0017434238389362965,0.038950905247900736,0.004106677253133405,0.009942922488208527,0.004113827307191241,-0.2078990644425498,0.0028667098800925768,2.2,Sene West
-5.773958930915075e-07,2.2390385796352056e-06,0.0010619013111550512,2.15485181781494e-18,-2.0667603913004928e-19,0.001575516667671431,0.0027179425268923415,0.0016023684377989512,0.42953625527515116,0.005112760593031122,0.00012621140678300655,0.0021621008749457297,0.0017715236465049864,0.03936351282650068,0.004162838305718141,0.00812257714337662,0.0023648352728786147,-0.20548942185826702,0.0014495615210398647,2.2,Techiman Municipal
-5.773958930943264e-07,2.2390385796339723e-06,0.0010501760896908165,2.642742795433417e-19,-1.2366681029912785e-18,0.0015755166676714293,0.0029952790047299786,0.0016023684377989517,0.429434082902737,0.005044323569592784,0.0001262114067830071,0.0021655845329532665,0.001771523646504982,0.03938422754166314,0.00416283830571814,0.007951319666978223,0.002364835272878615,-0.20543736461556014,0.0014495615210398647,2.2,Techiman North
-1.8677924019090502e-06,-1.387812804705005e-06,-0.0011219999152143503,7.589415207398531e-19,-2.0667603913004928e-19,0.001006566910502521,-0.002089683847222216,-0.002602338810984539,0.39088065879090805,-0.00032660991748470383,0.00341676871617237,-0.006659245565033319,0.004066439659108259,0.03136392809178141,0.002812662750119568,-0.003671307403701893,0.0018931157085097412,-0.2223439891772866,-0.000979564791099299,2.1,Abura Asebu Kwamankese
-1.867792401908481e-06,-1.3878128047032431e-06,-0.0011449181183750823,3.1170812458958252e-19,5.55653613398821e-19,0.001006566910502515,-0.0020733658064720074,-0.002602338810984541,0.39086013160596345,-0.00026002101621020346,0.003416768716172368,-0.006659245565033319,0.00406643965910826,0.03134882943069914,0.0028126627501195707,-0.0036713074037018918,0.0018931157085097404,-0.22236835207012423,-0.000979564791099299,2.1,Agona East
-1.867792401908508e-06,-5.2183632916036514e-08,-0.0014051987237742047,1.3721933745519665e-18,1.0977546996415732e-18,0.00039551474022218045,0.002709992883728343,-0.003281488144159958,0.3921492366652325,-0.001288521452718085,0.0034167687161723724,-0.007392398254054933,0.0032236931018868645,0.031772857422009915,0.0022843132276956957,-0.0035605260207407104,0.0019502161372513737,-0.2197986713256967,-0.001531723403152109,2.1,Agona West Municipal
-1.8677924019091315e-06,-1.3878128047033109e-06,-0.0011394512320416833,9.486769009248164e-20,1.1858461261560205e-19,0.0010065669105025188,-0.0021042805951224574,-0.00260233881098454,0.39086802281114824,-0.0002600210162102028,0.003416768716172368,-0.006659245565033317,0.004066439659108261,0.03135506717711421,0.002812662750119569,-0.003671307403701893,0.0018931157085097404,-0.222357033119407,-0.000979564791099299,2.1,Ajumako Enyan Essiam
-1.867792401909267e-06,-1.387812804705005e-06,-0.0011394512320416828,6.776263578034403e-21,1.1858461261560205e-19,0.0010065669105025195,-0.0021042805951224652,-0.0026023388109845417,0.39086802281114874,-0.00026002101621020086,0.003416768716172368,-0.006659245565033314,0.004066439659108259,0.03135506717711421,0.002812662750119569,-0.003671307403701895,0.0018931157085097404,-0.22235703311940722,-0.0009795647910992987,2.1,Asikuma Odoben Brakwa
-1.8677924019081015e-06,-2.074247047265942e-05,-0.0010791733039481157,8.199278929421627e-19,8.809142651444724e-19,0.0010272507643738576,-0.0020393879975643212,-0.0026706765858225193,0.39091628230934333,-0.00037958351369007687,0.00341676871617237,-0.006721674418307459,0.003997405770587883,0.03136912923787713,0.0028126627501195707,-0.0036753718213575677,0.001898023295969102,-0.2222273345559108,-0.000979564791099299,2.1,Assin Central Municipal
-1.8677924019094567e-06,-1.3878128047048897e-06,-0.0011394512320416828,-7.182839392716467e-19,1.0164395367051604e-20,0.001257774227188781,-0.00268669959868646,-0.0026706765858225175,0.3908728013066159,-0.00038375586131417173,0.0034207977452014016,-0.006677148179756826,0.003972831132050999,0.03135076540434119,0.0028117788258845027,-0.0036836580167731443,0.0018879242806251178,-0.22170831745733874,-0.0009795647910993037,2.1,Assin North
-1.867792401909267e-06,-1.3878128047045713e-06,-0.0011394512320416828,4.404571325722362e-19,-3.1509625637859973e-19,0.0010065669105025188,-0.0020860885823706264,-0.0026023388109845417,0.39087381631991996,-0.00032660991748470383,0.003416768716172369,-0.006659245565033317,0.004066439659108259,0.03135979503826349,0.002812662750119569,-0.003671307403701895,0.0018931157085097404,-0.2223191576008049,-0.0009795647910992987,2.1,Assin South
-1.8677924019088604e-06,-1.3878128047037175e-06,-0.0011210101077472646,2.337810934421869e-18,5.522654816098038e-19,0.0010065669105025162,-0.0022314786349188604,-0.0025411538915610897,0.3908351132805908,-0.00026002101621020043,0.003416768716172368,-0.006659245565033312,0.00409537708767623,0.03133297689220608,0.002935656195767592,-0.0036730321371599207,0.0018913002109407348,-0.22240285195105156,-0.0009795647910992992,2.1,Awutu Senya West
-1.8677924019014878e-06,-2.0742470472659067e-05,-0.0010603780958247646,2.222614453595284e-18,4.3503612170980865e-18,0.0010065669105025214,-0.0022809945456273373,-0.002541153891561089,0.3908395391002215,-0.00026002101621020227,0.0034167687161723716,-0.006659245565033321,0.004095377087676231,0.031332753383161535,0.0029356561957675944,-0.0036730321371599194,0.001891300210940734,-0.22239881570518627,-0.0009795647910992992,2.1,Awutu Senya East Municipal
-1.867792401909294e-06,-2.07424704726579e-05,-0.0010791733039481177,4.0996394647108136e-19,6.156235460644255e-18,0.00100656691050252,-0.0021344717305831333,-0.0026023388109845383,0.3908802240227643,-0.0003266099174847034,0.00341676871617237,-0.006659245565033319,0.00406643965910826,0.03135664572405547,0.00281266275011957,-0.003671307403701892,0.0018931157085097395,-0.2223149561116573,-0.0009795647910992987,2.1,Cape Cape Metropolitan Area (CCMA)-Cape Coast South & Cape Coast North
-1.8677924019088604e-06,-1.3878128047021928e-06,-0.0010798703580174234,4.777265822514254e-19,6.8067567641355575e-18,0.0010065669105025223,-0.002293678794536909,-0.002541153891561088,0.3908556224086839,-0.0002600210162102039,0.00341676871617237,-0.006659245565033317,0.004066439659108262,0.03133894931125363,0.002935656195767591,-0.003673032137159921,0.001891300210940736,-0.22237933565973825,-0.0009795647910992996,2.1,Effutu Municipal
-1.8677924019092399e-06,-1.3878128047048965e-06,-0.001172152154134979,4.743384504624082e-19,-5.319366908757006e-19,0.0010065669105025219,-0.00205476468441399,-0.00260233881098454,0.39086174677655317,-0.0002600210162102028,0.00341676871617237,-0.006659245565033317,0.004066439659108261,0.03135214137195069,0.0028126627501195707,-0.0036713074037018944,0.0018931157085097412,-0.22236464626826302,-0.0009795647910992987,2.1,Ekumfi
-1.8677924019072341e-06,-1.3878128047027417e-06,-0.0011122171962817857,1.328147661294743e-18,8.775261333554552e-19,0.0010065669105025188,-0.0022452956463243933,-0.002541153891561089,0.390847364490875,-0.0002600210162102028,0.0034167687161723664,-0.0066592455650333155,0.004066439659108261,0.031338949311253646,0.002935656195767592,-0.0036730321371599203,0.0018913002109407356,-0.2223871140518762,-0.0009795647910992996,2.1,Gomoa Central
-1.8677924019088604e-06,-2.0742470472661533e-05,-0.0010842861064525812,-1.3552527156068805e-20,2.303929616531697e-19,0.0010065669105025188,-0.0022452956463243946,-0.002541153891561087,0.3908455142759123,-0.00026002101621020346,0.0034167687161723707,-0.006659245565033319,0.004066439659108258,0.03133579999704562,0.002935656195767592,-0.0036730321371599194,0.0018913002109407356,-0.22239069095486602,-0.0009795647910993,2.1,Gomoa East
-1.867792401908752e-06,-1.387812804705005e-06,-0.0011721521541349794,3.6591823321385775e-19,1.0164395367051604e-20,0.0010065669105025188,-0.002054764684413989,-0.002602338810984539,0.39086174677655317,-0.00026002101621020325,0.003416768716172369,-0.0066592455650333155,0.004066439659108261,0.03135214137195069,0.0028126627501195707,-0.0036713074037018935,0.0018931157085097412,-0.2223646462682632,-0.0009795647910992987,2.1,Gomoa West
-1.867792401909267e-06,-1.3878128047048017e-06,-0.0011394512320416833,1.0875903042745216e-18,-2.0667603913004928e-19,0.0010026073169275916,-0.002873796865078927,-0.0026706765858225175,0.3908304461911504,-0.0003923214198047698,0.00341676871617237,-0.006650485054608329,0.003965648364307885,0.031340845255993906,0.0028054763433229663,-0.0036911345021184553,0.0018701719574015386,-0.2211891324956273,-0.000979564791099299,2.1,Komenda Edina Eguafo Abirem Municipal
-1.8677924019087791e-06,-1.3878128047034735e-06,-0.0011394512320416833,-3.1170812458958252e-19,1.3552527156068805e-20,0.0010065669105025195,-0.002104280595122467,-0.002602338810984541,0.3908680228111484,-0.0002600210162102039,0.003416768716172369,-0.006659245565033321,0.004066439659108259,0.031355067177114226,0.00281266275011957,-0.0036713074037018957,0.0018931157085097412,-0.22235703311940702,-0.000979564791099299,2.1,Mfantsiman Municipal
-1.8677924019092399e-06,-1.3878128047050185e-06,-0.0011394512320416835,6.539094352803199e-19,-4.2351647362715017e-19,0.0009376234327998453,-0.0023292161269975425,-0.0027394050264802393,0.39097234105722123,-0.000526558619731844,0.00341676871617237,-0.006715841222752709,0.003833041595722366,0.03138153597384279,0.0027410574205233786,-0.0036832336724800688,0.0018921344271805515,-0.22101706472627877,-0.0009783307976242179,2.1,Twifo Ati Morkwa
-1.8677924019092128e-06,-1.3878128047045848e-06,-0.0011721521541349783,8.538092108323347e-19,1.1858461261560205e-19,0.0009376234327998462,-0.002599711888542883,-0.00267067658582252,0.3908687589425125,-0.00046267414515677174,0.00341676871617237,-0.00665048505460833,0.003898272749513358,0.03137145390125748,0.0028054763433229654,-0.0036942431750547175,0.0018790672332850552,-0.22110374631884372,-0.000978330797624218,2.1,Twifo Heman Lower Denkyira
-1.8677924019083454e-06,-5.218363291565704e-08,-0.0012280836622959649,-1.1519648082658485e-19,9.893344823930228e-19,0.0007253495699480268,0.002401108883725765,-0.0032814881441599565,0.3921460403113394,-0.001284334657226944,0.0034207977452014007,-0.007405709298559255,0.0032271961122864235,0.03171919832823771,0.0022874395205742964,-0.003582995485025882,0.0019633724929986607,-0.22011545878070632,-0.001548367366434384,2.1,Upper Denkyira East Municipal
-1.8677924019086165e-06,-5.218363291825913e-08,-0.0015574935696225616,-6.098637220230962e-19,2.303929616531697e-19,0.0007733623852228492,0.00407698885635093,-0.0033494659482363534,0.39261532153865225,-0.0012687271398021751,0.0034207977452014016,-0.007475382458709942,0.0032271961122864266,0.03186371853576855,0.002290530516742877,-0.0034504972346266426,0.0019720536873965265,-0.21976261405356912,-0.0015317234031521137,2.1,Upper Denkyira West
-2.8489253464149007e-07,-2.5104038139601194e-05,0.0004024010907163516,7.477606858360963e-18,8.187420468160067e-18,0.002002249449111581,0.0006085603256376996,0.0007748606940305791,0.41371810127043745,0.007716990459204827,0.009240926628680153,0.011285118701413644,0.011727690631218705,0.026097507736499242,0.00977013534414488,0.006877064604377493,0.008527456415468019,0.38578125821715464,0.0011372129564416683,2.8,Abuakwa North Municipal
-2.8489253463082084e-07,2.1946307680819614e-07,0.00035467143864483,6.827085554869661e-18,3.019672456961581e-17,0.0019970770353184954,0.0006102844635687378,0.0007748606940305791,0.41374404537906073,0.007721543223974708,0.009240926628680146,0.01128472485858775,0.011727690631218703,0.026101906090533193,0.009780719265504664,0.00687654939313625,0.00852725082720524,0.3857627481374153,0.001137212956441667,2.8,Abuakwa South Municipal
-5.391231343484201e-07,-2.6241355133819055e-07,-0.00030075927667551296,2.2229532667741858e-17,-3.6312302448791856e-18,0.0017830143341113149,0.0007240915339919462,0.0007735221771011249,0.4137591904186514,0.007754469680141311,0.009239570926455307,0.011284029053239183,0.011735456690029105,0.02604308894739862,0.009767490963875157,0.006872988886280281,0.008525062583157293,0.3861484627530135,0.0011332674597774942,2.8,Achiase
-2.848925346451323e-07,-2.5104038139604175e-05,0.00030288278553940374,2.849757647742368e-17,1.1819497745986507e-17,0.001997077035318504,0.00047888738548327664,0.0007748606940305796,0.41373586780474647,0.007721543223974713,0.009240926628680157,0.01128472485858772,0.011720659166185806,0.026076438654018267,0.00978071926550466,0.006876549393136255,0.008527250827205238,0.38601193384568466,0.0011372129564416688,2.8,Akwapim North Municipal
-5.391231343360467e-07,-1.0165862667192468e-05,-0.0002590399945373028,1.0933501283158509e-17,8.350050794032893e-18,0.002048441892256998,0.0004526562996100042,0.0007569471740818058,0.4137865211600097,0.007784031549142494,0.009239570926455314,0.011284029053239183,0.011717489306671113,0.02601477647149011,0.009815839083184367,0.00687286562749624,0.008524702500331063,0.3864807520704565,0.0011332674597774976,2.8,Akwapim South Municipal
-5.391231343417523e-07,-2.624135513411992e-07,-0.0003007592766755164,1.451475658414969e-17,-1.6178329292557136e-19,0.001997077035318501,0.0007440185730999505,0.000773522177101126,0.4137917015927869,0.0077679016261160035,0.009239570926455307,0.01128402905323919,0.011735456690029093,0.026046254828797254,0.009789967242892508,0.006872988886280277,0.008525062583157297,0.3862428877321709,0.001133267459777496,2.8,Akyemansa
-5.391231343453844e-07,-2.6241355133819055e-07,-0.00030075927667551355,2.5244969959967167e-17,-1.6796663344052776e-18,0.001783014334111333,0.0007240915339919214,0.0007735221771011258,0.4137591904186518,0.007754469680141308,0.009239570926455313,0.01128402905323918,0.011735456690029095,0.02604308894739862,0.009767490963875157,0.0068729888862802775,0.008525062583157297,0.38614846275301357,0.0011332674597774968,2.8,Asene Manso Akroso
-2.848925346394538e-07,2.1946307678800287e-07,0.00030256681372317905,3.791319471910248e-18,-3.485540577951446e-17,0.0020484418922569916,0.00035292512626482675,0.0007592132133611932,0.4137326135006923,0.007724608358074328,0.009240926628680151,0.011284724858587737,0.01171791331688823,0.02606896504661515,0.009782890402158555,0.006876549393136245,0.00852725082720524,0.3860854086892349,0.001137212956441667,2.8,Asuogyaman
-2.8489253467852573e-07,2.194630768026667e-07,0.0005000936991855533,8.544868371901382e-18,-3.034919050012158e-18,0.002048441892256997,0.0006224404821224491,0.0007748606940305791,0.4137062509838421,0.00771699045920483,0.009240926628680148,0.011285118701413634,0.011735880700246209,0.026118311480949567,0.009770135344144878,0.006879274499701714,0.008527456415468015,0.3855788160856313,0.0011372129564416675,2.8,Atiwa East
-5.391231343358298e-07,-2.624135513436929e-07,-0.0002952005738840511,1.570060271030571e-17,3.8031779331718085e-19,0.0020022494491116075,0.0007130307786553008,0.0007735221771011269,0.41378711886720465,0.0077809664150428615,0.009239570926455306,0.011284029053239187,0.011735456690029091,0.02604188040881079,0.009789967242892512,0.006872988886280275,0.008525062583157285,0.38625903676667445,0.001133267459777495,2.8,Atiwa West
-5.391231343388792e-07,-2.624135513433473e-07,-0.0003029272660935033,1.708296048022473e-17,-1.8965067689023785e-18,0.0019970770353185128,0.0006324140102382869,0.0007725946547511896,0.41379745541472035,0.0077809664150428615,0.009239570926455309,0.011284029053239178,0.011727266621001592,0.026033643106811926,0.009813667946530484,0.0068728656274962335,0.008524702500331067,0.38633635362492535,0.001133267459777496,2.8,Ayensuano
-2.8489253463704484e-07,-2.510403813960358e-05,0.000499812457299548,1.2576745200831851e-17,-1.0282979979667206e-18,0.001997077035318491,0.000725417954634229,0.0007757882163805153,0.41371000169492717,0.007716990459204832,0.009240926628680141,0.011285118701413641,0.011735880700246216,0.02612065463098011,0.00974643464050689,0.00687939775848577,0.008527816498294254,0.3855690041917231,0.001137212956441667,2.8,Birim Central Municipal
-2.848925346842178e-07,2.194630768025583e-07,0.000509358203838016,2.0311850075158122e-18,-1.9498698445793994e-18,0.002048441892257014,0.000703961412970733,0.0007757882163805136,0.41370188530339225,0.00771699045920482,0.009240926628680146,0.011285118701413634,0.011735880700246205,0.026127310896222822,0.009746434640506901,0.006879397758485758,0.008527816498294254,0.38550568675498453,0.0011372129564416666,2.8,Birim North
-5.391231343319945e-07,-2.624135513384887e-07,-0.0003007592766755143,2.5478751053409354e-17,-1.0672615135404184e-19,0.0019970770353185054,0.0007240915339919323,0.0007735221771011266,0.41378941525472585,0.007780966415042865,0.009239570926455304,0.011284029053239187,0.011735456690029086,0.026043088947398627,0.009789967242892503,0.006872988886280283,0.008525062583157293,0.38625520220181303,0.001133267459777495,2.8,Birim South
-2.848925346451323e-07,2.1946307680331723e-07,0.0005093582038380194,1.5067022065759494e-17,1.2741069592599186e-17,0.0019970770353185006,0.0007254179546342241,0.0007757882163805157,0.41371259498821333,0.007716990459204825,0.009240926628680141,0.01128511870141363,0.011735880700246223,0.026125052985013983,0.009746434640506887,0.006879397758485764,0.00852781649829425,0.385527143296648,0.0011372129564416675,2.8,Denkyembuor
-5.391231343388792e-07,-2.6241355134196493e-07,-0.00029354029291342595,1.8180715179866302e-17,-2.0040799532036746e-18,0.0020484418922570077,0.0006078284775147608,0.0007725946547511894,0.4137836167388408,0.0077809664150428615,0.009239570926455306,0.01128402905323918,0.011727266621001592,0.026035901018020776,0.009813667946530484,0.006872865627496232,0.008524702500331058,0.3863117680922018,0.001133267459777496,2.8,Fanteakwa North
-5.391231343395297e-07,-1.0165862667175392e-05,-1.479960556197809e-05,1.3301805403681533e-17,-3.4135427774348304e-18,0.002048441892257007,0.0005386642636421187,0.0007748606940305796,0.4137352490399294,0.007766277891485297,0.009240253261355165,0.011284029053239187,0.011720235155968683,0.026053548649232663,0.009801862971880652,0.006873727412185738,0.008526111069873063,0.38616891058046077,0.001135478249685172,2.8,Fanteakwa South
-2.8489253464816807e-07,2.1946307680516037e-07,0.0004246596177693183,6.816921159502609e-18,-2.05829006182795e-18,0.0020022494491115906,0.0007232986047279497,0.0007757882163805149,0.4137123435115541,0.00771699045920483,0.009240926628680144,0.011285118701413634,0.011735880700246209,0.026114717375381864,0.009746434640506896,0.006877187863161529,0.008527816498294245,0.3856215858004452,0.0011372129564416666,2.8,Kwaebibirem Municipal
3.073001865728883e-05,-2.624135513426561e-07,-0.00028108779940571856,2.1094508518421096e-17,-1.3544056826596262e-18,0.002048441892257,0.00046180725114709054,0.0007569471740818034,0.4137936683445605,0.007784031549142478,0.00923957092645531,0.011284029053239181,0.011717489306671125,0.026018088319638737,0.009815839083184378,0.0068730804126241616,0.008524702500331055,0.3864418025150513,0.001133267459777496,2.8,Kwahu Afram Plains North
-5.391231343360602e-07,-2.624135513463424e-07,-0.0003029272660935038,-3.6253010142484055e-18,-2.8722887241393324e-18,0.0020484418922569973,0.0006109574685747838,0.0007725946547511881,0.4137867457299015,0.007780966415042858,0.009239570926455304,0.011284029053239174,0.0117272666210016,0.026035901018020783,0.009813667946530479,0.00687286562749623,0.008524702500331055,0.3863148970832618,0.0011332674597774976,2.8,Kwahu Afram Plains South
-5.39123134334976e-07,-2.624135513388411e-07,-0.00030075927667551437,4.87890977618477e-18,3.9590319954666e-18,0.002048441892256986,0.0007026349923284235,0.0007735221771011258,0.41377870556990576,0.007780966415042865,0.009239570926455306,0.011284029053239197,0.011735456690029096,0.026045346858607432,0.0097899672428925,0.006872988886280281,0.008525062583157291,0.38623374566014973,0.0011332674597774968,2.8,Kwahu East
-5.391231343334581e-07,-2.6241355133754003e-07,-0.000264914300099423,2.476724337771574e-18,4.895850435129856e-19,0.0020484418922569947,0.00045265629961000376,0.0007569471740818037,0.4137871947671162,0.007784031549142485,0.009239570926455307,0.01128402905323919,0.01171748930667111,0.026015948026390446,0.00981583908318438,0.006872865627496241,0.008524702500331065,0.38647487776489414,0.0011332674597774976,2.8,Kwahu South Municipal
-2.848925346417069e-07,-2.5104038139611493e-05,0.0004905479526471309,6.593304461427474e-18,-3.034919050012158e-18,0.002048441892257022,0.000679801588121243,0.0007757882163805149,0.41369705108691773,0.00771699045920483,0.009240926628680155,0.011285118701413648,0.011735880700246205,0.026118338559339063,0.0097464346405069,0.006879397758485761,0.008527816498294252,0.3855877868856007,0.0011372129564416675,2.8,Kwahu West Municipal
-2.848925346403618e-07,2.1946307680572958e-07,0.0003598422123331652,1.6788193014580233e-17,4.868237161049366e-17,0.0020022494491115993,0.0003726575299972945,0.0007592132133611923,0.41371997237017655,0.007720055593304451,0.009240926628680151,0.01128511870141363,0.011717913316888234,0.02606670713540635,0.009772306480798767,0.0068770646043774895,0.008527456415468017,0.38608351441556177,0.001137212956441667,2.8,Lower Manya Krobo Municipal
-2.8489253463341276e-07,-2.5104038139611256e-05,0.00047538175442455303,1.0672615135404184e-18,1.6047886218679974e-17,0.001997077035318492,0.0005482066965380165,0.0007748606940305796,0.4137197027034031,0.007716990459204825,0.00924092662868014,0.011285118701413644,0.01172065916618581,0.026098215584083376,0.009770135344144873,0.006879274499701722,0.008527456415468024,0.3857763158854992,0.0011372129564416688,2.8,New Juaben North Municipal
-2.848925346260402e-07,-2.5104038139604724e-05,0.00047538175442455617,-2.8358663074073975e-18,2.2769939688090102e-17,0.0019970770353184893,0.0005482066965380156,0.0007748606940305796,0.4137197027034028,0.007716990459204825,0.00924092662868014,0.011285118701413644,0.01172065916618581,0.02609821558408335,0.009770135344144875,0.006879274499701723,0.008527456415468024,0.3857763158854989,0.0011372129564416688,2.8,New Juaben South Municipal
-5.391231343133767e-07,-1.0165862667185259e-05,-0.00028766598735131235,2.839254439196415e-17,5.3684948196977555e-18,0.0017830143341113235,0.0006292850191782605,0.0007725946547511909,0.41376342798048,0.007754469680141308,0.009239570926455309,0.011284029053239187,0.011727266621001596,0.02603247155191158,0.009791191667513128,0.00687286562749624,0.008524702500331067,0.3862323594906278,0.0011332674597774946,2.8,Nsawam Adoagyiri Municipal
-5.391231343375781e-07,-2.624135513395187e-07,-0.00027589490927072517,2.461138931542095e-17,-2.7630214739435277e-18,0.001997077035318507,0.0005224939061351039,0.000764508469242137,0.4137956171583367,0.007784031549142485,0.009239570926455309,0.011284029053239183,0.01172023515596869,0.026019608870780496,0.009815839083184374,0.006872865627496237,0.008524702500331067,0.3864449952444103,0.001133267459777496,2.8,Okere
-5.391231343785474e-07,-2.6241355134199204e-07,-0.00029354029291342855,2.793853473223584e-17,-6.488272375967941e-19,0.001997077035318494,0.0006292850191782618,0.0007725946547511913,0.4137943264236608,0.007780966415042872,0.009239570926455309,0.01128402905323919,0.011727266621001584,0.026033643106811964,0.009813667946530482,0.006872865627496238,0.00852470250033106,0.3863332246338657,0.001133267459777496,2.8,Suhum Municipal
-5.391231343343255e-07,-2.6241355134142283e-07,-0.0002808757521826022,3.747273758653025e-18,-2.2217674206480298e-18,0.002048441892257001,0.0005026976454422268,0.0007645084692421351,0.4137865677544859,0.007784031549142482,0.009239570926455304,0.011284029053239174,0.011720235155968694,0.026021866781989342,0.009815839083184374,0.006872865627496232,0.008524702500331062,0.38642519898371763,0.0011332674597774976,2.8,Upper Manya Krobo
-5.391231343493959e-07,-2.624135513426358e-07,-0.00031516316985673114,6.7559347873002995e-18,-1.7338764430295528e-18,0.0016739186164268323,0.0006615639192127611,0.0007725946547511909,0.4137606847193221,0.007754469680141308,0.009212565217042196,0.011284029053239178,0.011735456690029098,0.02603641422190484,0.009791191667513133,0.006872865627496232,0.008524702500331067,0.38614438627321723,0.0011332674597774972,2.8,Upper West Akim
-5.391231343429991e-07,-2.624135513389495e-07,-0.00029520057388405537,2.871441691192078e-17,1.6940658945086007e-21,0.001997077035318522,0.0007147549165863403,0.0007735221771011262,0.413788843005136,0.007780966415042868,0.009239570926455306,0.011284029053239187,0.01173545669002909,0.026041880408810763,0.009789967242892501,0.006872988886280282,0.0085250625831573,0.3862607609046048,0.0011332674597774968,2.8,West Akim Municipal
-5.391231343440698e-07,-2.624135513454276e-07,-0.0002800319124473731,7.230273237762708e-18,-4.280904515423234e-18,0.0019970770353184937,0.0005767863244597715,0.0007725946547511905,0.41379217299880294,0.007780966415042865,0.009239570926455306,0.011284029053239176,0.011720235155968683,0.02602651494286172,0.00981366794653048,0.00687286562749624,0.008524702500331065,0.3863885280019593,0.0011332674597774968,2.8,Yilo Krobo Municipal
-3.040703463423741e-07,-6.562390307374253e-06,-0.00023011265840900685,5.041540102057596e-18,2.278518628114068e-18,0.0011796888093401512,-0.000412126100468455,-0.00011675400160835104,0.42253484726775214,-0.008704525386401134,-0.0038369697571465633,-0.01832375551072655,-0.0067712157734972755,-0.03296764838433807,-0.008963481416149438,-0.007570170947884611,-0.010239580133099379,0.2698078401324415,0.000262975914712938,2.5,Ablekuma Central Municipal
-3.040703463429162e-07,-6.562390307372369e-06,-0.00023011265840900712,5.9631119486702744e-18,3.796401669593774e-18,0.0011796888093401512,-0.00041212610046845513,-0.00011675400160835078,0.422534847267752,-0.008704525386401134,-0.0038369697571465633,-0.018323755510726545,-0.006771215773497278,-0.03296764838433804,-0.008963481416149438,-0.0075701709478846095,-0.010239580133099379,0.26980784013244136,0.000262975914712938,2.5,Ablekuma North Municipal
-3.0407034634118146e-07,-6.5623903073723825e-06,-0.00023011265840900707,3.0357660829594124e-18,3.796401669593774e-18,0.0011796888093401554,-0.00041212610046845546,-0.00011675400160835077,0.4225348472677527,-0.008704525386401138,-0.0038369697571465633,-0.01832375551072655,-0.0067712157734972755,-0.03296764838433806,-0.008963481416149431,-0.0075701709478846095,-0.010239580133099375,0.26980784013244125,0.000262975914712938,2.5,Ablekuma West Municipal
-3.040703463423741e-07,-6.562390307374597e-06,-0.00023011265840900744,6.1257422745431e-18,6.398486883558985e-18,0.001179688809340153,-0.0004121261004684547,-0.0001167540016083512,0.42253484726775237,-0.008704525386401134,-0.0038369697571465624,-0.01832375551072653,-0.006771215773497281,-0.03296764838433803,-0.008963481416149435,-0.007570170947884615,-0.010239580133099375,0.26980784013244197,0.0002629759147129378,2.5,"Accra Metropolitan Area (AMA)-Ablekuma South, Ashiedu Keteke & Okaikoi South"
-3.0407034634784253e-07,-9.72001382343689e-08,-0.00022414849371126937,3.096752455161722e-18,1.2366681029912785e-18,0.001525422566346927,-0.000501364648483014,-0.000122545108984822,0.4225582190817008,-0.008742361396413857,-0.0038853937878183535,-0.018412851921566185,-0.006814244967665017,-0.03294567561376551,-0.009005555245291315,-0.007617307994745796,-0.010374870301245072,0.2699422487812793,0.00026297591471293694,2.5,Ada East
-3.040703463470836e-07,-9.72001382343689e-08,-0.0002371541009966299,3.2864878353466853e-18,1.2366681029912785e-18,0.0015919462905970854,-0.0004946849165199509,-0.00012254510898482212,0.42256270137695545,-0.008790623306413125,-0.0038853937878183544,-0.018412851921566192,-0.0068142449676650224,-0.03294407111727162,-0.009055859298330153,-0.007617307994745796,-0.010374870301245072,0.2699745301036411,0.00026297591471293694,2.5,Ada West
-3.0407034634269935e-07,-6.562390307371732e-06,-0.0002278967265739293,3.144186300207963e-18,4.989024059327829e-18,0.0011796888093401536,-0.00041841934688007507,-0.00011675400160835082,0.4225344927186587,-0.008704525386401138,-0.0038369697571465616,-0.01832375551072655,-0.006771215773497279,-0.03296543245250299,-0.008963481416149435,-0.0075701709478846095,-0.010239580133099379,0.26981005606427644,0.000262975914712938,2.5,Adentan Municipal
-3.0407034634063936e-07,-6.562390307373196e-06,-0.00021367153793768847,5.421010862427522e-18,4.338502755836526e-18,0.0011796888093401517,-0.0005000414050834892,-0.00012254510898482082,0.4225273371409205,-0.00869602266101964,-0.0038369697571465668,-0.018323755510726535,-0.006765705197755661,-0.03294340890971922,-0.008956901637822747,-0.007570170947884611,-0.010239580133099375,0.2698477829967239,0.000262975914712938,2.5,Ashaiman Municipal
-3.040703463446509e-07,-6.5623903073710815e-06,-0.0002301126584090068,2.6020852139652106e-18,5.20586449382493e-18,0.001179688809340155,-0.0004121261004684545,-0.00011675400160835093,0.4225348472677527,-0.008704525386401145,-0.00383696975714656,-0.018323755510726538,-0.006771215773497279,-0.032967648384338015,-0.008963481416149437,-0.007570170947884615,-0.010239580133099377,0.2698078401324414,0.000262975914712938,2.5,Ayawaso Central Municipal
-3.040703463494214e-07,-9.72001382339691e-08,-0.00023237936245535813,3.300040362502754e-18,3.471141017848123e-18,0.001179688809340154,-0.00041212610046845443,-0.0001167540016083512,0.42253518218972297,-0.008704525386401141,-0.0038369697571465616,-0.018323755510726528,-0.006771215773497277,-0.03296991508838438,-0.008963481416149435,-0.00757017094788461,-0.010239580133099379,0.269805573428395,0.0002629759147129378,2.5,Ayawaso East Municipal
-3.04070346347253e-07,-6.562390307373777e-06,-0.00021469944428586653,2.8663594935085523e-18,4.555343190333627e-18,0.0011796888093401523,-0.0004212813324715441,-0.00011675400160835104,0.4225377445176366,-0.008704525386401141,-0.003836969757146559,-0.018323755510726535,-0.006771215773497279,-0.032967648384338,-0.008963481416149437,-0.007570170947884614,-0.010239580133099382,0.26979868490043835,0.0002629759147129378,2.5,Ayawaso North Municipal
-3.0407034634313303e-07,-6.56239030737325e-06,-0.00021968647484670045,1.7550522667109103e-18,7.916369925038691e-18,0.0011796888093401532,-0.0004233090366660524,-0.00011675400160835099,0.42253606184650444,-0.008704525386401138,-0.0038369697571465616,-0.01832375551072653,-0.006771215773497279,-0.03296543245250296,-0.008963481416149435,-0.00757017094788461,-0.010239580133099384,0.2698051663744899,0.000262975914712938,2.5,Ayawaso West Municipal
-3.0407034634215725e-07,-6.466409681333795e-06,-0.00027938417088053404,4.174178364069192e-18,3.796401669593774e-18,0.0010666081208550984,0.0005186521948077088,-0.00010826193947592126,0.42281745187004277,-0.008699290703206793,-0.003836969757146565,-0.017943514687292793,-0.0065038942212416045,-0.03279976564477128,-0.008967464888073992,-0.007593783895825314,-0.009971361157691913,0.2676600145161234,0.00028988043767132264,2.5,Ga Central Municipal
-3.0407034634313303e-07,-6.562390307372274e-06,-0.00023828062724362697,1.917682592583736e-18,4.663763407582178e-18,0.0011796888093401558,-0.000387775905673643,-0.00011675400160835082,0.42253774152385043,-0.008704525386401141,-0.0038369697571465633,-0.018323755510726538,-0.006774119988056665,-0.03297274846844231,-0.008963481416149435,-0.007570170947884614,-0.01023958013309938,0.26979676794904717,0.0002629759147129378,2.5,Ga East Municipal
-3.040703463424825e-07,-6.562390307374117e-06,-0.00023828062724362708,1.07742590890747e-18,2.4411489539868936e-18,0.0011796888093401545,-0.0003877759056736426,-0.00011675400160835092,0.42253774152385054,-0.008704525386401141,-0.0038369697571465633,-0.018323755510726535,-0.006774119988056665,-0.03297274846844232,-0.008963481416149428,-0.007570170947884612,-0.010239580133099373,0.2697967679490471,0.0002629759147129376,2.5,Ga North Municipal
-3.040703463498551e-07,-6.562390307369941e-06,-0.0002512862345289881,2.8731357570865868e-18,-6.300231061677486e-18,0.0011796888093401575,-0.0003810961737105809,-0.00011675400160835124,0.4225357831707153,-0.008704525386401148,-0.0038369697571465633,-0.018323755510726517,-0.00677411998805666,-0.032971143971948426,-0.008963481416149435,-0.007570170947884615,-0.010239580133099375,0.2698034476810105,0.0002629759147129378,2.5,Ga South Municipal
-3.04070346339772e-07,-6.562390307373358e-06,-0.00023828062724362746,1.212951180468158e-18,9.656175598699024e-20,0.0011796888093401567,-0.0003877759056736432,-0.00011675400160835113,0.4225377415238502,-0.008704525386401138,-0.003836969757146564,-0.018323755510726524,-0.006774119988056662,-0.0329727484684423,-0.008963481416149431,-0.007570170947884609,-0.010239580133099375,0.2697967679490474,0.0002629759147129374,2.5,Ga West Municipal
-3.040703463434583e-07,-6.5623903073716236e-06,-0.00021469944428586594,2.6020852139652106e-18,6.0732262318133334e-18,0.0011796888093401554,-0.00042128133247154413,-0.00011675400160835082,0.4225377445176361,-0.008704525386401141,-0.0038369697571465607,-0.01832375551072655,-0.006771215773497279,-0.03296764838433801,-0.008963481416149435,-0.007570170947884615,-0.01023958013309938,0.2697986849004384,0.0002629759147129378,2.5,Korle Klottey Municipal
-3.040703463482288e-07,-6.562390307374876e-06,-0.0002245326969156952,2.168404344971009e-18,-6.300231061677486e-18,0.0011902440158334476,-0.0004937484408635529,-0.00012254510898482157,0.42252797518708773,-0.008696022661019643,-0.0038369697571465624,-0.01832375551072653,-0.006765705197755657,-0.032946059816969964,-0.008956901637822744,-0.0075701709478846165,-0.010239580133099373,0.2698438088460737,0.0002629759147129374,2.5,Kpone Katamanso Municipal
-3.0407034634497617e-07,-6.562390307372599e-06,-0.0002245326969156947,1.07742590890747e-18,3.471141017848123e-18,0.001179688809340154,-0.00048753550767804927,-0.00012254510898482106,0.42252610452721,-0.008696022661019643,-0.00383696975714656,-0.01832375551072653,-0.006765705197755661,-0.03294605981696995,-0.00895690163782275,-0.007570170947884614,-0.010239580133099377,0.26985002177925893,0.0002629759147129378,2.5,Krowor Municipal
-3.0407034634280777e-07,-6.5623903073709595e-06,-0.00022789672657392958,3.198396408832238e-18,4.772183624830728e-18,0.0011796888093401534,-0.00041841934688007507,-0.00011675400160835082,0.42253449271865884,-0.008704525386401134,-0.0038369697571465616,-0.01832375551072655,-0.006771215773497277,-0.032965432452502975,-0.008963481416149435,-0.0075701709478846095,-0.010239580133099379,0.26981005606427655,0.000262975914712938,2.5,La Dade-Kotopon Municipal
-3.0407034634421723e-07,-6.562390307372925e-06,-0.00021968647484670037,1.0232158002831948e-18,3.254300583351022e-18,0.0011902440158334463,-0.0004295219698515538,-0.00011675400160835099,0.42253793250638166,-0.008704525386401141,-0.0038369697571465607,-0.01832375551072654,-0.006771215773497279,-0.032965432452502955,-0.008963481416149435,-0.007570170947884612,-0.010239580133099379,0.2697989534413048,0.0002629759147129378,2.5,La Nkwantanang Madina Municipal
-3.0407034634421723e-07,-6.562390307372708e-06,-0.00022453269691569472,1.4840017235895342e-18,3.254300583351022e-18,0.0011796888093401536,-0.0004657917797786595,-0.00011970290992931008,0.4225286273100264,-0.008696022661019646,-0.0038369697571465607,-0.01832375551072654,-0.006771215773497277,-0.032954103596113976,-0.008956901637822747,-0.007570170947884614,-0.010239580133099379,0.2698364674243734,0.0002629759147129378,2.5,Ledzokuku Municipal
-3.040703463469616e-07,-6.56239030738241e-06,-0.00022188178966491817,2.757939276260002e-18,-6.606856988583543e-20,0.0014917565887473583,-0.0005013646484830144,-0.0001225451089848218,0.42255570202868525,-0.00874236139641386,-0.003836969757146571,-0.018412851921566185,-0.006814244967665025,-0.032943408909719175,-0.009005555245291315,-0.007617307994745802,-0.010374870301245061,0.26993193956329875,0.0002629759147129376,2.5,Ningo-Prampram
-3.040703463440004e-07,-6.562390307372925e-06,-0.00021469944428586534,1.3755815063409838e-18,3.471141017848123e-18,0.0011796888093401536,-0.0004212813324715438,-0.00011675400160835093,0.42253774451763626,-0.008704525386401141,-0.0038369697571465616,-0.01832375551072654,-0.006771215773497277,-0.03296764838433801,-0.008963481416149435,-0.007570170947884614,-0.01023958013309938,0.2697986849004379,0.0002629759147129378,2.5,Okaikoi North Municipal
-3.040703463471649e-07,-9.720013823457897e-08,-0.00020873527958812664,3.57109090562413e-18,2.4818065354551e-18,0.0015919462905970858,-0.0005105198804861041,-0.000122545108984822,0.4225675569799731,-0.008790623306413125,-0.003885393787818356,-0.018412851921566182,-0.006814244967665018,-0.03294567561376553,-0.009055859298330153,-0.007617307994745799,-0.010374870301245063,0.2699586951396745,0.00026297591471293694,2.5,Shai-Osudoku
-3.0407034634421723e-07,-6.562390307372938e-06,-0.00022188178966491757,2.6020852139652106e-18,2.061678193616967e-18,0.001179688809340154,-0.0004951517152975106,-0.00012254510898482106,0.42252576801307645,-0.008696022661019643,-0.0038369697571465616,-0.01832375551072654,-0.006765705197755659,-0.032943408909719196,-0.008956901637822747,-0.007570170947884615,-0.010239580133099375,0.2698526726865104,0.0002629759147129378,2.5,Tema Metropolitan Area (TMA)-Tema Central & Tema East
-3.040703463429162e-07,-6.5623903073717184e-06,-0.00022188178966491747,3.198396408832238e-18,4.989024059327829e-18,0.0011796888093401536,-0.0004951517152975114,-0.00012254510898482103,0.42252576801307656,-0.008696022661019643,-0.0038369697571465624,-0.01832375551072655,-0.006765705197755658,-0.0329434089097192,-0.008956901637822747,-0.0075701709478846095,-0.010239580133099379,0.26985267268651025,0.000262975914712938,2.5,Tema West Municipal
-3.040703463415067e-07,-6.562390307376814e-06,-0.00023011265840900755,3.7947076036992655e-18,1.8990478677441414e-18,0.0011796888093401512,-0.0004121261004684557,-0.0001167540016083507,0.4225348472677528,-0.008704525386401134,-0.003836969757146564,-0.018323755510726535,-0.006771215773497276,-0.03296764838433806,-0.008963481416149431,-0.007570170947884611,-0.010239580133099372,0.26980784013244136,0.0002629759147129378,2.5,Weija Gbawe Municipal
-2.0040661930107383e-07,9.46534809549525e-08,0.0003374190997446174,1.4365678785432934e-18,1.5094127120071632e-18,-0.006702858926546133,-0.0005300601153621047,-0.006301365532028172,-1.6935601827446247,-0.003123611699218454,-0.008166461513138625,-0.002743471304949663,-0.008418473441296384,-0.0010335432501728037,-0.005026306092367698,-0.001235745787518294,0.0007383908350594362,0.13284209766248503,-0.000833575843062485,0.3,Bunkpurugu Nakpanduri
1.783265455395043e-05,1.6799358695033907e-05,-0.00019952104504059016,1.4907779871675686e-18,1.4916250201148229e-18,-0.00704760988440054,-0.0005674804930577051,-0.0062908399538422295,-1.6935527205613725,-0.0031287065801651167,-0.008166974597216093,-0.0027440498346732885,-0.008421643300811068,-0.0010650442249516303,-0.005031840339078318,-0.0012124539366101172,0.0007836347891415193,0.13308816958848832,-0.0008354060457980272,0.3,Chereponi
1.1423177300240547e-05,1.7001638173272293e-05,0.00034375402448010066,1.4907779871675686e-18,1.5094127120071632e-18,-0.007047609884400541,-0.000477702270323299,-0.006301365532028174,-1.6938480818538175,-0.003123611699218454,-0.008166461513138625,-0.002743471304949663,-0.008415526053201812,-0.0010251781852587737,-0.005026306092367696,-0.0012523421454239978,0.0007383908350594362,0.13279280829604134,-0.0008335758430624839,0.3,East Mamprusi Municipal
-3.1285358866572617e-07,1.6799358695034178e-05,-0.00022913251005333488,2.7850443305721395e-18,8.817612980917267e-19,-0.007047609884400539,-0.0003926041659012973,-0.0063008108519309455,-1.6936191436800587,-0.003125972811914104,-0.008166974597216098,-0.0027440498346732894,-0.008412593603510737,-0.0010540584036156295,-0.005027742234621776,-0.001217721247648373,0.0007777324902909436,0.13302174646980494,-0.0008354060457980267,0.3,Mamprugu Moagduri
-2.0040661930129067e-07,1.700163817327224e-05,0.0003552411512870661,1.4907779871675686e-18,1.2925722775100623e-18,-0.007047609884400541,-0.00040344667402510614,-0.006305738137392156,-1.6938828422550747,-0.003123611699218454,-0.008166461513138625,-0.002743471304949663,-0.008412169593293627,-0.0010192459502014423,-0.00502469840936709,-0.0012575619558460908,0.0007324885362088614,0.13275804789478368,-0.0008335758430624839,0.3,West Mamprusi Municipal
1.7832654553950322e-05,1.6799358695033907e-05,-0.00019013407186051331,1.4907779871675686e-18,1.4916250201148229e-18,-0.00704760988440054,-0.0005706094841177302,-0.0062908399538422295,-1.6935558495524325,-0.0031287065801651167,-0.008166974597216093,-0.0027440498346732885,-0.008421643300811068,-0.0010650442249516298,-0.005031840339078318,-0.0012124539366101172,0.0007836347891415193,0.13308504059742832,-0.0008354060457980272,0.3,Yunyoo Nasuan
1.783265455394978e-05,1.6799358695033826e-05,-0.00023522187234454206,1.336617990767286e-18,1.3289946942419972e-18,-0.007050707176022538,-0.0005298077655082901,-0.006300806060463227,-1.691017451053603,-0.00311174628457973,-0.008157558096269498,-0.007257420969594335,-0.00841389769112206,-0.0011229647743011449,-0.005014251634575031,-0.001195880353183458,0.00021125966332212202,0.13562343909625812,-0.0008194714474015496,0.3,Gushegu Municipal
1.783265455394967e-05,1.67993586950338e-05,-0.00022964584538920477,1.4992483166401116e-18,1.3289946942419972e-18,-0.007050707176022538,-0.0005060763042158537,-0.006300806060463227,-1.6910351925914795,-0.00311174628457973,-0.008157558096269498,-0.007257420969594335,-0.008410950303027489,-0.0011197365748912807,-0.005014251634575031,-0.001195880353183458,0.00021125966332212202,0.13560569755838203,-0.0008194714474015496,0.3,Karaga
1.7832654553949563e-05,1.6799358695034205e-05,-0.00022637841806732447,2.774879935205088e-18,6.2426328212641935e-19,-0.007050707176022543,-0.0006053975890763454,-0.0062952077677384975,-1.6909811702261435,-0.00311417284907526,-0.008157558096269505,-0.007257420969594337,-0.008416643540419627,-0.0011267155174094288,-0.005016742056030974,-0.001195880353183458,0.00021125966332212186,0.13565971992372036,-0.0008194714474015488,0.3,Kpandai
-3.1285358866556354e-07,1.67993586950338e-05,-0.00023109188163034355,1.4992483166401116e-18,1.207021949837378e-18,-0.007050707176022538,-0.000438819430778452,-0.006305178665827212,-1.6910592597526117,-0.003111746284579728,-0.008157558096269498,-0.007257420969594335,-0.008407593843119303,-0.0011147431491817111,-0.005012643951574425,-0.0012011476642217142,0.00021141100431829081,0.1355816303972491,-0.0008194714474015494,0.3,Kumbungu
1.783265455394978e-05,1.6799358695033826e-05,-0.00022964584538920488,1.4450382080158364e-18,1.3289946942419972e-18,-0.007050707176022538,-0.0005060763042158535,-0.006300806060463227,-1.691035192591479,-0.00311174628457973,-0.008157558096269498,-0.007257420969594336,-0.008410950303027489,-0.0011197365748912807,-0.005014251634575033,-0.001195880353183458,0.00021125966332212202,0.13560569755838206,-0.0008194714474015496,0.3,Mion
-3.128535886653467e-07,1.67993586950338e-05,-0.00023371640270314055,1.5534584252643868e-18,1.4374149114905477e-18,-0.007050707176022537,-0.0004435671957848383,-0.006305178665827212,-1.6910552431498027,-0.003111746284579729,-0.008157558096269498,-0.007257420969594337,-0.008407593843119305,-0.0011154040687219424,-0.005012643951574424,-0.0012011476642217142,0.0002114110043182906,0.13558564700005868,-0.0008194714474015496,0.3,Nanton
-3.128535886652383e-07,1.6799358695033717e-05,-0.00022166434247248933,9.690056916589196e-19,1.0037340424963459e-18,-0.007050707176022543,-0.0005498987175223002,-0.006300806060463227,-1.6910039401038868,-0.00311174628457973,-0.008157558096269502,-0.007257420969594337,-0.00841389769112206,-0.001125217301341351,-0.005014251634575033,-0.001195970795291838,0.0002112596633221218,0.13563695004597484,-0.0008194714474015496,0.3,Nanumba North Municipal
1.7832654553949563e-05,1.6799358695034042e-05,-0.00021641983879840034,5.522654816098038e-19,6.784733907506946e-19,-0.007050707176022543,-0.0006089076508622689,-0.006295207767738498,-1.6909846802879285,-0.003114172849075259,-0.008157558096269505,-0.007257420969594337,-0.008416643540419632,-0.0011261439113205822,-0.0050167420560309735,-0.0011958803531834576,0.0002112596633221218,0.1356562098619342,-0.0008194714474015494,0.3,Nanumba South
-2.0040661930177857e-07,1.7001638173272157e-05,0.00024710244403777483,1.2281977735187355e-18,1.1934694226813092e-18,-0.00705070717602254,-0.0006589787529646706,-0.00630013505319971,-1.6911891852976162,-0.0031118687538057195,-0.008156941163223401,-0.007257082827904731,-0.00841621953020252,-0.001097502300260436,-0.005014033849646388,-0.0012161179685424685,0.00021295098408460788,0.13545170485224226,-0.0008176412446660081,0.3,Saboba
-2.0040661930421802e-07,9.465348095481698e-08,0.0003854832206366032,1.6618786425129373e-18,1.0892843701690302e-18,-0.007050707176022545,-0.0004402351183225731,-0.006310105951288421,-1.6913603661969374,-0.0031090779681285947,-0.008156941163223404,-0.0072568069927416694,-0.008407169832902192,-0.0010774676707532387,-0.005009600126319742,-0.0012409442985957767,0.00021330791334355629,0.13528052395292206,-0.0008176412446660063,0.3,Sagnarigu Municipal
-3.128535886653467e-07,1.67993586950338e-05,-0.0002310918816303436,1.4450382080158364e-18,1.2205744769934468e-18,-0.007050707176022537,-0.00043881943077845285,-0.006305178665827212,-1.691059259752612,-0.003111746284579728,-0.008157558096269498,-0.007257420969594333,-0.008407593843119303,-0.0011147431491817111,-0.0050126439515744215,-0.0012011476642217142,0.0002114110043182906,0.13558163039724908,-0.0008194714474015494,0.3,Savelugu Municipal
-3.128535886670272e-07,-1.0762599728383968e-07,-0.00022668575136214418,1.4450382080158364e-18,1.41030985717841e-18,-0.007050707176022541,-0.00044170306720749916,-0.006305178665827211,-1.691050457565286,-0.003111746284579729,-0.008157558096269505,-0.0072574209695943324,-0.008407593843119303,-0.0011169630329800324,-0.005012643951574426,-0.001201147664221715,0.0002114110043182905,0.13559043258457473,-0.0008194714474015496,0.3,Tamale Metropolitan Area (TMA)-Tamale Central & Tamale South
1.783265455394978e-05,1.6799358695033826e-05,-0.00022637841806732442,1.5534584252643868e-18,1.3289946942419972e-18,-0.007050707176022542,-0.000605397589076345,-0.006295207767738498,-1.6909811702261393,-0.00311417284907526,-0.008157558096269502,-0.007257420969594332,-0.008416643540419634,-0.0011267155174094305,-0.00501674205603097,-0.0011958803531834572,0.00021125966332212202,0.1356597199237199,-0.0008194714474015496,0.3,Tatale Sanguli
1.7832654553949943e-05,1.67993586950338e-05,-0.00024362102746783542,1.3942162311805784e-18,1.2612320584616532e-18,-0.0070507071760225375,-0.00041495086393574627,-0.006305178665827211,-1.6910760487799275,-0.0031114390808242463,-0.0081575580962695,-0.007257420969594335,-0.008407593843119307,-0.0011110476695612682,-0.005012643951574428,-0.001201057222113334,0.0002114110043182907,0.13556484136993308,-0.0008194714474015494,0.3,Tolon
-3.1285358866512986e-07,1.679935869503361e-05,8.750644010819349e-05,1.1739876648944603e-18,1.7084654546119238e-18,-0.00705070717602254,-0.0006430595274477442,-0.006300135053199709,-1.6911124692118662,-0.0031130820505591763,-0.008157275699677977,-0.007257207744687511,-0.008416643540419632,-0.0011088434549786578,-0.005014615323615286,-0.00121074216156826,0.0002123968912795971,0.13552842093799375,-0.0008178842365831296,0.3,Yendi Municipal
-3.128535886653467e-07,1.6799358695033826e-05,-0.00021883011514171045,1.336617990767286e-18,1.3289946942419972e-18,-0.007050707176022538,-0.0006089076508622688,-0.006295207767738497,-1.6909736685033707,-0.00311417284907526,-0.008157558096269502,-0.007257420969594335,-0.008416643540419634,-0.0011275212538384078,-0.005016742056030972,-0.0011959707952918378,0.00021125966332212202,0.13566722164648998,-0.0008194714474015496,0.3,Zabzugu
-1.8677924019094296e-06,-1.387812804705581e-06,-0.00120114307971601,-3.869246503057644e-18,-1.0587911840678754e-18,0.0015081916634091474,-0.004826991522295756,-0.002046861378644016,0.4037020669709108,0.002990662939327633,-0.0013087452136568741,-0.007142317592519299,-0.0009388470329986635,0.026045663308323704,0.0022328395014317537,-0.0028570330347568915,0.0008173228703270579,-0.2213320106140656,2.60341399691424e-06,2.1,Biakoye
-1.8677924019098904e-06,-2.0742470472659853e-05,-0.0011408651516224447,-7.521652571618187e-19,1.7618285302889447e-18,0.0015081916634091513,-0.004875374670508269,-0.0020468613786440164,0.4037084746737566,0.0029906629393276337,-0.0013087452136568726,-0.007142317592519304,-0.0009388470329986644,0.02604251399411568,0.002232839501431753,-0.002857033034756892,0.0008173228703270566,-0.22132780912491665,2.603413996914077e-06,2.1,Guan
-1.8677924019107307e-06,-1.3878128047038902e-06,-0.001201143079716011,-5.95633568509224e-18,-8.402566836762659e-19,0.0015081916634091465,-0.004826991522295756,-0.0020468613786440147,0.40370206697091027,0.002990662939327633,-0.0013087452136568735,-0.007142317592519304,-0.0009388470329986646,0.026045663308323676,0.002232839501431753,-0.0028570330347568906,0.0008173228703270584,-0.2213320106140652,2.6034139969139145e-06,2.1,Jasikan Municipal
-1.8677924019098362e-06,-1.3878128047051472e-06,-0.0011687962414516464,-5.72594272343907e-18,-1.9142944607947188e-19,0.001508191663409148,-0.004875374670508267,-0.0020468613786440147,0.4037103248887205,0.002990662939327631,-0.0013087452136568733,-0.007142317592519299,-0.000938847032998665,0.02604566330832369,0.0022328395014317545,-0.0028570330347568924,0.0008173228703270579,-0.22132423222192737,2.60341399691424e-06,2.1,Kadjebi
-1.8677924019099175e-06,-1.3878128047061027e-06,-0.0012011430797160098,-3.815036394433369e-18,-8.419507495707745e-19,0.0015081916634091478,-0.0048269915222957545,-0.0020468613786440147,0.4037020669709108,0.0029906629393276346,-0.0013087452136568741,-0.007142317592519299,-0.000938847032998664,0.026045663308323704,0.0022328395014317537,-0.0028570330347568933,0.0008173228703270579,-0.2213320106140654,2.60341399691424e-06,2.1,Krachi East Municipal
0.00010646416690882993,0.0001042224176071396,-0.0012363504275203904,1.038801206512674e-17,-7.335305323222241e-19,0.001508191663409149,-0.004737816754187355,-0.0020468613786440147,0.4037252732211768,0.002990662939327633,-0.0013087452136568746,-0.007142317592519297,-0.0009388470329986637,0.02608925290219548,0.0022328395014317563,-0.0028558513763404596,0.0008173228703270579,-0.22126789772664665,2.603413996914294e-06,2.1,Krachi Nchumuru
-1.8677924019103512e-06,-1.3878128047059807e-06,-0.0002016259226129606,-1.3552527156068805e-20,-1.9142944607947188e-19,0.0015081916634091532,-0.005017707987860932,-0.002035458273488964,0.4038600058932243,0.0029930920799831886,-0.001308745213656875,-0.007142317592519304,-0.0009388470329986652,0.026145667469807864,0.0022434101387915598,-0.0028474155138517934,0.000831764630211106,-0.22105491160057553,1.0298461211243911e-05,2.1,Krachi West Municipal
0.00010646416690882993,0.0001042224176071408,-0.0012061846331639006,-6.091860956652928e-18,-8.419507495707745e-19,-0.005520342211283067,-0.004765511950196784,-0.0020228073717091207,0.40381485515015186,0.003003483452148145,-0.0013469091348568723,-0.007142317592519299,-0.0009388470329986644,0.026010160176798088,0.002309678125770379,-0.0028600883968306887,0.0008173228703270579,-0.22072363585628219,2.603413996914077e-06,2.1,Nkwanta North (Kpassa)
-1.8677924019101344e-06,0.00010422241760714047,-0.0012338440018093068,-2.947674656444965e-18,-8.419507495707745e-19,0.0015081916634091474,-0.004759529270321292,-0.0020468613786440147,0.4037122357784843,0.002990662939327633,-0.0013087452136568737,-0.007142317592519301,-0.000938847032998664,0.026069604210492314,0.0022328395014317545,-0.0028570330347568924,0.0008173228703270579,-0.22130649188410056,2.6034139969141314e-06,2.1,Nkwanta South Municipal
-2.004066193019412e-07,1.1525843575812145e-05,0.00031867495470762493,1.3417001884508117e-18,1.807568309440677e-18,-0.007054409172966369,0.0009548929627635314,-0.005683507956258466,-1.6924102117139541,-0.00318117805128858,-0.008161656569253222,-0.007299170461564493,-0.008430863339199289,-0.0009594195491641542,-0.005029456297185032,-0.0014019722077305997,0.0006036375960311342,0.13422320717153796,-0.0008577472095691751,0.3,Bole
1.7832654553949943e-05,1.679935869503369e-05,-0.0002193653694566092,1.1773757966834775e-18,1.3696522757102036e-18,-0.0070638617098667264,-0.00039339469361785416,-0.005688343470748378,-1.6916851279416336,-0.0031114390808242463,-0.00816216965333069,-0.007265802160039729,-0.008422037158351364,-0.0010582580403798697,-0.005033646974687809,-0.0012009703265632877,0.000788793933130337,0.13494260767438343,-0.0008194714474015494,0.3,Central Gonja
-3.128535886653467e-07,1.6799358695033636e-05,-0.00021238867261984186,1.3908280993915612e-18,1.3289946942419972e-18,-0.007063861709866728,-0.00041522190876403686,-0.005688343470748377,-1.6916662975626213,-0.00311174628457973,-0.008162169653330689,-0.007265802160039726,-0.00842203715835136,-0.0010625251260891605,-0.005033646974687805,-0.0012010607686716679,0.0007887939331303374,0.13496143805339603,-0.0008194714474015494,0.3,East Gonja Municipal
1.7832654553949997e-05,1.6799358695033826e-05,-0.00022530734591582675,1.336617990767286e-18,1.3289946942419972e-18,-0.007063861709866727,-0.0004767464981932917,-0.005689270993098313,-1.6916384776832523,-0.00311174628457973,-0.008162169653330689,-0.00726580216003973,-0.008425393618259546,-0.0010671450748735301,-0.005035254657688414,-0.0011957934576334118,0.0007946962319809118,0.13498925793276453,-0.0008194714474015496,0.3,North East Gonja
1.7832654553949997e-05,1.6799358695033826e-05,-0.00022530734591582675,1.336617990767286e-18,1.3289946942419972e-18,-0.007063861709866727,-0.0004767464981932917,-0.005689270993098313,-1.6916384776832523,-0.00311174628457973,-0.008162169653330689,-0.00726580216003973,-0.008425393618259546,-0.0010671450748735301,-0.005035254657688414,-0.0011957934576334118,0.0007946962319809118,0.13498925793276453,-0.0008194714474015496,0.3,North Gonja
1.7832654553949943e-05,1.13235640975738e-05,-0.00023110964040366642,1.2841019480375193e-18,1.0850492054327587e-18,-0.007054409172966371,0.001360227315382162,-0.005684455511154856,-1.692108400783678,-0.0031838463677397134,-0.008136223562048848,-0.007299748991288118,-0.0084312873494164,-0.000962625701768739,-0.005032500122439713,-0.0013970256644318742,0.0006488815501132172,0.13438492601335614,-0.0008594126363049167,0.3,Sawla Tuna Kalba
-2.0040661930183278e-07,9.465348095500671e-08,0.0003585142766291559,1.2874900798265365e-18,1.4009924947586128e-18,-0.007058178440390357,-0.0008777589758525541,-0.0056870081299469615,-1.6916906479282803,-0.003118409257092567,-0.008161656569253226,-0.007237884522092442,-0.008434714042131692,-0.001034155362937162,-0.005033795997453561,-0.0012234046697174046,0.0007161223847888194,0.13494277095720936,-0.0008175423764755816,0.3,West Gonja
-3.2978174655335166e-07,2.2590653649773247e-07,0.0007054175875476344,2.913793338554793e-19,4.387630666777276e-19,-0.004717597204602538,-0.001316888547544149,0.011707348572895697,-1.3111042476935726,0.004235736016540145,0.015853920864124543,0.011413622806603291,0.017680448491400335,0.0329606570546614,0.01118694285551677,0.0009663680216832519,0.0010392980010985617,-0.09484053755830248,-0.00012823979897614551,0.6,Bawku Municipal
1.879755955355728e-05,3.5473779470140855e-05,0.0007111753641111813,7.453889935837843e-20,6.013933925505532e-19,-0.004717597204602535,-0.0012317520849470893,0.011707348572895694,-1.3113058408264,0.0042357360165401455,0.015853920864124543,0.011413622806603293,0.017688813110378943,0.0329799215295168,0.011186942855516772,0.0009664656146996085,0.0010392980010985617,-0.09481194056571861,-0.00012823979897614546,0.6,Bawku West
1.8797559553557497e-05,3.5473779470140747e-05,0.0006933670324158454,7.453889935837843e-20,6.556035011748285e-19,-0.004717597204602535,-0.0013127099125155874,0.011707348572895694,-1.3111702157640122,0.004235736016540146,0.015853920864124543,0.011413622806603295,0.01768044849140034,0.03296856213762831,0.011186942855516772,0.0009664656146996083,0.0010392980010985617,-0.09482907545797543,-0.00012823979897614546,0.6,Binduri
-3.297817465530264e-07,2.2590653649768164e-07,0.0007439897941281423,6.098637220230962e-20,-1.5754812818929986e-19,-0.004717597204602537,-0.0010612676610454906,0.011695845257245825,-1.3114996678421602,0.0042357360165401455,0.015853920864124543,0.011413622806603296,0.01769863727937552,0.03299421053256421,0.01119168065068794,0.000966692287099739,0.0010397338166665611,-0.09478504732917911,-0.00012823979897614562,0.6,Bolgatanga East
-3.2978174655320935e-07,2.2590653649788493e-07,0.0007439897941281405,3.049318610115481e-19,1.0892843701690302e-18,-0.0047175972046025385,-0.001061267661045491,0.011695845257245823,-1.31149966784216,0.0042357360165401455,0.015853920864124543,0.011413622806603296,0.01769863727937552,0.032994210532564225,0.01119168065068794,0.000966692287099739,0.0010397338166665607,-0.09478504732917914,-0.00012823979897614557,0.6,Bolgatanga Municipal
1.8797559553557497e-05,3.54737794701408e-05,0.0007319392389963511,4.54009659728305e-19,6.013933925505532e-19,-0.004717597204602535,-0.0010570890260169269,0.011695845257245829,-1.3115656359125965,0.004235736016540147,0.01585392086412455,0.011413622806603296,0.017698637279375522,0.03300211561553112,0.011191680650687938,0.0009667898801160949,0.001039733816666562,-0.09477358522885225,-0.00012823979897614454,0.6,Bongo
-3.297817465535956e-07,2.2590653649781717e-07,0.0007439897941281408,2.710505431213761e-19,2.761327408049019e-19,-0.004717597204602532,-0.0010015794838438834,0.011695845257245829,-1.311589735243256,0.004237431151517904,0.015853920864124543,0.011413622806603296,0.01769956749621889,0.03300030072519093,0.01119168065068794,0.0009666922870997375,0.0010397338166665618,-0.09476338364972907,-0.00012823979897614535,0.6,Builsa North Municipal
1.8797559553556467e-05,3.547377947014098e-05,0.0005174166371674456,7.860465750519907e-19,5.022905377218001e-19,-0.005553712833656695,-0.0010333402458125823,0.011695845257245829,-1.3118943454610033,0.004235620518927936,0.015853920864124543,0.011440908126782922,0.01769863727937552,0.03299691105816533,0.011190803873466448,0.0010728903373517836,0.0010391611065059632,-0.09479765094058559,-7.519132321402692e-05,0.6,Builsa South
-3.2978174655335166e-07,3.547377947014069e-05,0.0005986761342461794,3.1848438816761693e-19,7.098136097991037e-19,-0.0047175972046025316,-0.0013133078294140241,0.011707348572895697,-1.3110156183440917,0.0042357360165401455,0.015853920864124543,0.011413622806603291,0.01768044849140033,0.03295578332118947,0.011186942855516772,0.0009630254830501141,0.0010392980010985621,-0.09485303777343677,-0.00012823979897614606,0.6,Garu
-3.297817465538802e-07,2.2590653649794592e-07,0.0007439897941281412,2.303929616531697e-19,2.1734865426545347e-18,-0.004717597204602531,-0.0009141503384985414,0.01167936756938081,-1.311693664675956,0.004240158838179624,0.015853920864124543,0.011415241250255032,0.0176995674962189,0.03301067529276331,0.011191680650687937,0.0009666922870997384,0.0010407629009574395,-0.09474615545668684,-0.00012823979897614546,0.6,Kasena Nankana Municipal
1.8797559553556684e-05,2.2590653649793575e-07,0.00073193923899635,1.4907779871675686e-19,4.929731753020028e-19,-0.004717597204602531,-0.0009141503384985414,0.011679367569380816,-1.3117057152310863,0.004240158838179623,0.015853920864124543,0.011415241250255035,0.017699567496218895,0.03301215935920966,0.01119168065068794,0.000966789880116095,0.0010407629009574404,-0.09474276334718609,-0.00012823979897614535,0.6,Kasena Nankana West
1.8797559553557253e-05,3.5473779470140855e-05,0.0006141132816506199,2.371692252312041e-19,-1.0333801956502464e-19,-0.004717597204602535,-0.0010857573984283495,0.011695845257245822,-1.3113722748715662,0.004235736016540144,0.015853920864124543,0.011413622806603296,0.01769863727937552,0.03298531320270331,0.011191680650687938,0.0009634473414829582,0.0010397338166665616,-0.09480030698866529,-0.0001282397989761461,0.6,Nabdam
-3.297817465531619e-07,3.547377947014099e-05,0.0006688684955877873,1.6940658945086007e-19,4.387630666777276e-19,-0.004717597204602535,-0.0014573361079795399,0.011715114004994464,-1.31092434304377,0.004229158221874576,0.015853920864124543,0.011413622806603291,0.017680448491400335,0.03295137177664203,0.011180067401179081,0.000966368021683251,0.0010392980010985617,-0.0948637203337181,-0.00012823979897614551,0.6,Pusiga
1.8797559553557118e-05,2.259065364975495e-07,0.0006941150627941406,1.4230153513872246e-19,6.013933925505532e-19,-0.00528175881066819,-0.0010893381165584734,0.011695845257245829,-1.3117656749721223,0.004235736016540144,0.01585392086412454,0.011413622806603293,0.01769863727937552,0.03298505811497048,0.011191680650687942,0.0010213121139486748,0.0010397338166665616,-0.09479457663261569,-7.5191323214027e-05,0.6,Talensi
1.879755955355701e-05,3.5473779470140747e-05,0.0006568179404559973,1.8295911660692887e-19,5.47183283926278e-19,-0.004717597204602535,-0.0014920219846941587,0.011723420838801716,-1.3108929321201928,0.004229158221874575,0.015853920864124547,0.011413622806603291,0.017672664605565477,0.032951071618528706,0.01118006740117908,0.0009664656146996083,0.0010392980010985621,-0.09486784254962236,-0.00012823979897614443,0.6,Tempane
-3.1285358866561775e-07,1.1323564097573204e-05,-0.00020995042236536353,1.1824579943670033e-18,1.5204241403214691e-18,-0.006879712286967042,0.0015143705921294604,-0.004311203269739476,-1.6509316158025111,0.01125223780615534,-0.0012043377569331101,0.00045110710933423775,-2.1944131247674274e-05,0.0062292064443955335,-0.0011151290591647177,0.004537180401675927,0.0024652430197869223,0.1331076860438489,0.00074799619495425,0.4,Daffiama Bussie Issa
1.1423177300238973e-05,1.1525843575811929e-05,0.00039452711026971847,1.2366681029912785e-18,1.6339265552535454e-18,-0.00687971228696704,0.0016941025148605987,-0.004310255714843087,-1.651372015817437,0.01125490612260646,-0.00120372082388701,0.0004518390938497428,-2.1520121030560164e-05,0.006289074363170246,-0.001112085233910032,0.004550530611338574,0.0024665553707300314,0.13266728602891792,0.0007496853553213756,0.4,Jirapa Municipal
-2.004066193019412e-07,1.1525843575811874e-05,0.0003986387581494824,1.2366681029912785e-18,1.4170861207564445e-18,-0.006043596657912881,0.0016941025148605995,-0.004310255714843089,-1.650840291453548,0.01125490612260646,-0.0012037208238870104,0.0004518390938497428,-2.1520121030560056e-05,0.006288405944942711,-0.001112085233910032,0.0044398078005457985,0.0024665553707300322,0.13267139767679775,0.0006966368795592564,0.4,Lambussie Karni
-2.0040661930210383e-07,1.1525843575811983e-05,0.0003986387581494824,1.0198276684941776e-18,1.4170861207564445e-18,-0.006607758263978538,0.0016941025148605995,-0.004310255714843089,-1.6511837005570786,0.01125490612260646,-0.00120372082388701,0.0004518390938497426,-2.152012103056011e-05,0.006288405944942715,-0.001112085233910032,0.004494330034378376,0.0024665553707300322,0.1326713976767977,0.0007496853553213753,0.4,Lawra Municipal
-2.0040661930226646e-07,1.1525843575811874e-05,0.0003986387581494824,1.2366681029912785e-18,1.6339265552535454e-18,-0.00687971228696704,0.0016941025148605995,-0.004310255714843087,-1.651367904169557,0.01125490612260646,-0.00120372082388701,0.0004518390938497426,-2.1520121030560273e-05,0.006288405944942713,-0.001112085233910032,0.004550487669846357,0.0024665553707300314,0.13267139767679773,0.0007496853553213756,0.4,Nadowli Kaleo
-2.004066193019412e-07,1.1525843575811874e-05,0.0003986387581494822,1.0740377771184528e-18,1.2553028278308731e-18,-0.006043596657912885,0.0016941025148606,-0.004310255714843089,-1.6508402914535492,0.01125490612260646,-0.00120372082388701,0.0004518390938497426,-2.1520121030559893e-05,0.006288405944942713,-0.001112085233910032,0.0044398078005457985,0.0024665553707300327,0.13267139767679775,0.0006966368795592566,0.4,Nandom
-2.0040661930204962e-07,1.1525843575811983e-05,0.00041702201597374573,1.1824579943670033e-18,1.9591872069991967e-18,-0.006607758263978533,0.0005909741824982112,-0.004310687299816883,-1.650845636916864,0.01125390788634892,-0.0012296669151688551,0.0004515380538935301,-2.1520121030559297e-05,0.006224586217878783,-0.001112085233910032,0.004456259680943447,0.002465875098621188,0.13314955340547124,0.0007484583660484102,0.4,Sissala East Municipal
-2.0040661930204962e-07,1.1525843575811929e-05,0.0004047548667618431,1.128247885742728e-18,1.6339265552535454e-18,-0.006043596657912879,0.001647020089406658,-0.004310255714843087,-1.6508175224713748,0.011254906122606463,-0.0012037208238870104,0.0004518390938497428,-2.1520121030559947e-05,0.006286478997305419,-0.001112085233910032,0.004437239729026004,0.0024665553707300322,0.13269416665897327,0.0006965602512067664,0.4,Sissala West
1.78326545539494e-05,1.1323564097573692e-05,-0.00024440244491806144,1.328147661294743e-18,1.3035837058243682e-18,-0.006879712286967042,0.0017085575403801001,-0.004311203269739478,-1.6510334490646426,0.011252237806155337,-0.001204337756933111,0.00045110710933423753,-2.1944131247674057e-05,0.006245347551597717,-0.0011151290591647173,0.004547462837702491,0.0024646584617047658,0.13300585278171592,0.0007479433002331429,0.4,Wa East
-2.0040661930270014e-07,1.9995722321390391e-07,0.0003986387581494824,9.656175598699024e-19,4.692562527788824e-19,-0.006879712286967044,0.0016982686868606707,-0.004310255714843089,-1.6513637379975545,0.01125490612260647,-0.0012037208238870098,0.0004518390938497426,-2.152012103056049e-05,0.0062872333152950936,-0.0011120852339100325,0.004550487669846355,0.0024665553707300335,0.13267556384879783,0.0007496853553213753,0.4,Wa Municipal
1.783265455394951e-05,1.1323564097573584e-05,-0.00024440244491806144,1.3992984288641042e-18,1.0867432713272673e-18,-0.006879712286967042,0.0017085575403801006,-0.004311203269739478,-1.6510334490646426,0.011252237806155337,-0.0012043377569331106,0.00045110710933423775,-2.1944131247674274e-05,0.006245347551597721,-0.0011151290591647177,0.00454746283770249,0.002464658461704765,0.13300585278171587,0.0007479433002331429,0.4,Wa West
-1.8677924019107578e-06,-1.3878128047049338e-06,-0.0007240543230030844,1.6381617199898169e-18,-5.353248226647178e-19,0.00144892041010455,-0.0034046802969772425,-0.0024809630487112274,0.39047917190445375,-0.0031844113926986677,0.0034624919512179528,0.0013044422444223281,0.00416904347952666,0.03141515426450707,0.0029136091155241117,-0.0029321274261582776,-0.0025911655076829064,-0.22422642947340324,-3.6007020475839322e-06,2.1,Adaklu
-1.8677924019112999e-06,-1.3878128047032804e-06,-0.0007240543230030818,1.7465819372383673e-18,-7.521652571618187e-19,0.0014489204101045508,-0.0034046802969772442,-0.0024809630487112274,0.3904791719044534,-0.0031844113926986703,0.003462491951217952,0.0013044422444223273,0.00416904347952666,0.03141515426450705,0.0029136091155241126,-0.0029321274261582776,-0.0025911655076829064,-0.224226429473403,-3.600702047584149e-06,2.1,Afadzato South
-1.8677924019107849e-06,-1.3878128047055538e-06,-0.00040928429914466097,-2.202285662861181e-18,-4.2690460541616737e-19,0.0014489204101045452,-0.0034864787313378383,-0.002540259195517498,0.39039932761247237,-0.003184411392698665,0.0034624919512179528,0.0013044422444223288,0.00416904347952666,0.03143321176929222,0.0029136091155241117,-0.0029290165894975853,-0.0025782418712494686,-0.22415727703032806,-6.76273713056074e-07,2.1,Agortime-Ziope
-1.867792401911842e-06,-1.3878128047054081e-06,-0.0007891020833607407,1.3179832659276913e-18,-7.521652571618187e-19,0.0013166644030225719,-0.0031123155323338385,-0.0024809630487112283,0.390436315587339,-0.0031844113926986677,0.0034624919512179528,0.0013044422444223277,0.004169043479526658,0.03140584161269995,0.0029136091155241126,-0.0029321274261582767,-0.0025911655076829064,-0.22426932150168508,-3.600702047584149e-06,2.1,Akatsi North
-1.867792401910568e-06,-1.3878128047051642e-06,-0.0007240543230030811,1.6703489719854803e-18,-1.0164395367051604e-19,0.0014489204101045515,-0.0034046802969772464,-0.0024809630487112274,0.390479171904454,-0.0031844113926986686,0.0034624919512179528,0.0013044422444223281,0.004169043479526659,0.03141515426450707,0.0029136091155241117,-0.00293212742615828,-0.0025911655076829056,-0.22422642947340318,-3.600702047583878e-06,2.1,Akatsi South Municipal
-1.8677924019072612e-06,-1.3878128047052997e-06,-0.0007564011612674439,-1.4568966692773966e-19,2.236166980751353e-19,0.001111362561222116,-0.0031361947808539303,-0.0024809630487112274,0.3904228581070817,-0.003170196383299735,0.0034584629221889227,0.0012997033857814737,0.0041655404691270945,0.031408767417863456,0.002910518119355532,-0.002936159256397004,-0.002578564833309153,-0.22406973161766047,-3.6007020475837154e-06,2.1,Anloga
-1.8677924019105951e-06,-1.3878128047055979e-06,-0.0007240543230030815,1.4264034831762418e-18,-7.521652571618187e-19,0.001299267776660428,-0.00318457792906644,-0.0024809630487112283,0.39044609659154317,-0.0031844113926986686,0.0034624919512179528,0.0013044422444223286,0.004169043479526658,0.03140876741786343,0.0029136091155241126,-0.0029321274261582793,-0.0025911655076829073,-0.22425741704831612,-3.600702047584149e-06,2.1,Central Tongu
-5.77395893092917e-07,-9.177035906176851e-05,0.0012548198156347558,9.198777807181702e-19,4.570589783384205e-18,0.0014489204101045534,-0.003969258200819544,-0.002540259195517499,0.390768873384806,-0.0035863373142057727,0.0034699939442331532,0.00131451413506126,0.004100832257647486,0.03160220970203935,0.0025172734359775934,-0.00288536691018902,-0.002564504311683657,-0.22381580871620485,1.8590911936118945e-05,2.1,Ho Municipal
-1.8677924019107036e-06,-1.3878128047038225e-06,-0.0007240543230030824,1.692371828614092e-18,2.608861477543245e-18,0.0014489204101045513,-0.003404680296977246,-0.0024809630487112283,0.3904791719044528,-0.0031844113926986694,0.003462491951217951,0.0013044422444223273,0.004169043479526662,0.031415154264507084,0.0029136091155241117,-0.0029321274261582776,-0.0025911655076829064,-0.22422642947340338,-3.6007020475842575e-06,2.1,Ho West
-5.773958930969827e-07,-9.177035906176881e-05,0.0009132984300309275,1.6652667743019545e-18,2.825701912040346e-18,0.0014489204101045534,-0.0039720417005363355,-0.0025402591955174963,0.39067664031729044,-0.003586337314205772,0.0034699939442331506,0.0013145141350612614,0.004100832257647486,0.03154917876113964,0.00251727343597759,-0.0029006831015831874,-0.002564504311683658,-0.22391092363107398,1.859091193611835e-05,2.1,Hohoe Municipal
-1.8677924019068004e-06,-1.3878128047046085e-06,-0.0007240543230030854,-4.026794631246944e-18,1.4751925809380895e-17,0.0012992677766604293,-0.0031845779290664393,-0.0024809630487112283,0.39044609659154184,-0.0031844113926986703,0.003462491951217951,0.0013044422444223286,0.004169043479526661,0.03140876741786344,0.0029136091155241143,-0.0029321274261582767,-0.0025911655076829073,-0.22425741704831595,-3.6007020475840407e-06,2.1,Keta Municipal
-1.8677924019103783e-06,-1.3878128047060315e-06,-0.000756401161267445,1.8600843521704435e-18,-9.690056916589196e-19,0.0012992677766604259,-0.0031361947808539303,-0.0024809630487112274,0.39043783867373366,-0.0031844113926986677,0.0034624919512179528,0.0013044422444223273,0.004169043479526658,0.031408767417863435,0.0029136091155241126,-0.0029321274261582776,-0.0025911655076829073,-0.22426519544045417,-3.600702047584149e-06,2.1,Ketu North Municipal
-1.8677924019103783e-06,-1.3878128047054081e-06,-0.0007564011612674446,-3.750661890442042e-18,-7.521652571618187e-19,0.0012992677766604272,-0.003136194780853931,-0.0024809630487112283,0.39043783867373283,-0.0031844113926986686,0.0034624919512179536,0.0013044422444223286,0.00416904347952666,0.031408767417863435,0.0029136091155241126,-0.0029321274261582793,-0.0025911655076829073,-0.2242651954404542,-3.6007020475842033e-06,2.1,Ketu South Municipal
-5.773958930964948e-07,9.034094078433302e-07,0.0009586864510033852,1.4755313941169912e-18,4.994106257011355e-18,0.0014489204101045539,-0.003972041700536333,-0.002540259195517498,0.39069040709653646,-0.00358633731420577,0.0034699939442331506,0.0013145141350612605,0.004100832257647487,0.03157186082027378,0.002517273435977591,-0.002900683101583184,-0.002564504311683657,-0.22388543425889604,1.8590911936118132e-05,2.1,Kpando Municipal
-1.8677924019107036e-06,9.034094078485411e-07,0.0004441847422056363,1.8007920458626425e-18,1.1716159726421482e-17,0.0014489204101045513,-0.0038395323637446105,-0.0025402591955174963,0.39056898335627216,-0.0033831058126974458,0.0034687156229835417,0.0013074148942370492,0.004169043479526662,0.03154322636374797,0.0027303228960726153,-0.0029181505212578177,-0.002569344512453404,-0.22400316287709987,1.5853494480716182e-05,2.1,North Dayi
-1.8677924019106494e-06,-1.3878128047059231e-06,-0.0007564011612674446,1.5619287547369298e-18,-7.521652571618187e-19,0.0012992677766604285,-0.0031361947808539285,-0.0024809630487112274,0.3904378386737333,-0.0031844113926986677,0.0034624919512179528,0.0013044422444223294,0.00416904347952666,0.031408767417863435,0.0029136091155241126,-0.0029321274261582793,-0.0025911655076829073,-0.2242651954404542,-3.600702047584149e-06,2.1,North Tongu
-5.773958930988259e-07,9.034094078472943e-07,0.0007089152516927953,1.1502707423713399e-18,4.404571325722362e-19,0.001448920410104553,-0.003972041700536334,-0.0025402591955174963,0.39060701732180597,-0.0035187076017949154,0.0034699939442331524,0.0013088300827993962,0.004100832257647485,0.03157186082027376,0.0026617434160257267,-0.002908648635658732,-0.002567971330787344,-0.2239472563718727,1.8590911936118294e-05,2.1,South Dayi
-1.8677924019108662e-06,-1.3878128047052997e-06,-0.000724054323003082,-3.967502324939143e-18,-5.353248226647178e-19,0.0012992677766604241,-0.00318457792906644,-0.0024809630487112274,0.3904460965915431,-0.0031844113926986677,0.0034624919512179536,0.0013044422444223286,0.00416904347952666,0.031408767417863435,0.0029136091155241134,-0.0029321274261582776,-0.002591165507682908,-0.22425741704831592,-3.600702047584149e-06,2.1,South Tongu
-5.391231343390316e-07,-6.7953436726130104e-09,-0.000462386472313091,1.954952042262925e-18,-1.7872395187065737e-18,0.0004396046919835011,-0.0011065208822863158,-0.0029792805082032173,0.4396652691048474,0.002286191518718375,0.004759795377805514,0.004315416980194818,0.005948394771055845,0.01993090158996425,0.00442077757612203,0.0019615849637504494,0.002945963058684337,0.3163402199742368,-0.002823240232215888,2.7,Ahanta West Municipal
-5.391231343350065e-07,-2.4848419931936368e-05,0.0002595489795924362,3.2864878353466853e-19,6.181646449061884e-18,0.0004396046919834994,-0.0016669189595754162,-0.0029780318187075288,0.4396110804028165,0.00224390558563272,0.004761059698518047,0.004315287174790978,0.00594839477105585,0.019950984854191563,0.004426857330546899,0.0019375854693693315,0.002948786344715952,0.31629183047341947,-0.0028224418614164544,2.7,Effia Kwesimintsim Municipal
-5.391231343382456e-07,-6.795343670010925e-09,-0.00039820699006100585,2.8494188345634663e-18,-8.656676720938949e-19,0.0004396046919834984,0.00020537435271678363,-0.002979280508203218,0.4399941945828246,0.002286191518718375,0.004755069962735266,0.004315416980194815,0.005948394771055852,0.01999909159536595,0.00442077757612203,0.0020374626280232427,0.0029459630586843354,0.31449537919117393,-0.002822741898989949,2.7,Ellembelle
-5.391231343384895e-07,-6.795343671311968e-09,-0.000398206990061007,2.0633722595114756e-18,3.8116482626443515e-19,0.0004396046919834986,0.00020537435271678623,-0.0029792805082032164,0.43999419458282446,0.0022861915187183733,0.00475506996273527,0.00431541698019482,0.00594839477105585,0.019999091595365958,0.004420777576122032,0.0020374626280232444,0.002945963058684337,0.3144953791911742,-0.0028227418989899508,2.7,Jomoro Municipal
-5.391231343390045e-07,-6.795343669468824e-09,-0.0005098835540085945,1.954952042262925e-18,-5.251604272976662e-20,0.0004396046919834994,-0.0016299261883769489,-0.0029802978579869174,0.4395485949953967,0.0022838307625391093,0.004759795377805507,0.004314701693238993,0.005948394771055854,0.019888968840048052,0.004420777576122028,0.0019356228123987257,0.002944341633415201,0.31710140619092897,-0.002823240232215888,2.7,Mpohor
-5.391231343386793e-07,-6.795343671311968e-09,-0.0004998132220580394,4.109803860077865e-18,-6.488272375967941e-19,0.00043960469198350014,-0.0002530238621142396,-0.0029792805082032173,0.4398892437815422,0.0022861915187183716,0.004755069962735266,0.004315416980194824,0.005948394771055849,0.019952677908584366,0.004420777576122028,0.0020121843625164715,0.002945963058684337,0.3152325247247991,-0.0028232402322158896,2.7,Nzema East Municipal
-5.391231343391129e-07,-6.7953436706614465e-09,-0.0005053442530567713,2.388632911257127e-18,-2.1514636860259229e-19,0.0004396046919834981,-0.0011243908897926058,-0.0029792805082032177,0.4396569804760142,0.0022861915187183768,0.004759795377805509,0.004315416980194818,0.00594839477105585,0.01992637063089848,0.00442077757612203,0.0019615849637504494,0.002945963058684337,0.3164138673503854,-0.0028232402322158887,2.7,Prestea/Huni Valley Municipal
-2.848925346384543e-07,-2.4848419931938564e-05,0.0005830502744209456,1.0875903042745216e-18,4.446922973085077e-18,0.00043960469198350057,-0.0016645385268268021,-0.002978031818707528,0.43966944535510943,0.00220228963960704,0.004761324749263702,0.004316733505698626,0.00594962460651568,0.01996638757206093,0.004429150830532997,0.0019411044844664265,0.002949705271619223,0.31592328610378206,-0.002821857833192188,2.7,"Sekondi Takoradi Metropolitan Area (STMA)- Takoradi, Sekondi & Essikado-Ketan"
-5.391231343394924e-07,-6.795343670010925e-09,-0.000424065109574022,1.4670610646444482e-18,-3.2187251995663413e-19,0.0004396046919834983,-0.001803929370064211,-0.002981288837913134,0.43953015095222053,0.0022829795633608394,0.004759795377805511,0.004314701693238989,0.005947817053520491,0.01987692268458529,0.004420777576122032,0.001934774522522803,0.002944341633415201,0.3172291294826537,-0.002829020401532189,2.7,Shama
-5.391231343404275e-07,-9.910244459524451e-06,-0.0004136515030600785,3.14757443199698e-18,-3.2509124515620047e-18,0.00043960469198349743,-0.0010882286647216576,-0.0029792805082032195,0.4396761662508298,0.0022861915187183724,0.004759795377805514,0.004315416980194822,0.005948394771055852,0.019929730035063875,0.004420777576122032,0.0019615849637504455,0.002945963058684339,0.31627337064545247,-0.002823240232215888,2.7,Tarkwa-Nsuaem Municipal
-5.391231343380558e-07,-6.795343671745649e-09,-0.0004623864723130905,4.543484729072067e-18,3.8285889215894375e-19,0.00046587496476953056,-0.0010970187491790761,-0.0029792805082032186,0.4396718714338275,0.002286191518718375,0.004759795377805511,0.00431541698019482,0.005948394771055843,0.019930901589964255,0.004420777576122028,0.001961584963750451,0.0029459630586843354,0.3162978452393634,-0.0028232402322158896,2.7,Wassa Amenfi Central
-5.391231343405766e-07,-6.79534367228775e-09,-0.00046238647231309197,7.9180639909332e-18,-2.6546012566949773e-18,0.001635660817947064,-0.0010970187491790735,-0.0029792805082032203,0.4398294445297804,0.0023141878380190458,0.004786801087218624,0.0043748189737399055,0.005973181036541483,0.01993090158996423,0.004445104379856312,0.001988099552609867,0.0030343386052063123,0.3168920790633719,-0.0028232402322158723,2.7,Wassa Amenfi East Municipal
-5.391231343380829e-07,-6.795343670702104e-09,-0.0003982069900610073,1.634434775021898e-17,4.895850435129856e-19,0.00046587496476954064,0.0002148764858240213,-0.0029792805082032177,0.440000796911804,0.0022861915187183707,0.0047550699627352715,0.004315416980194825,0.005948394771055854,0.019999091595365986,0.004420777576122034,0.0020374626280232513,0.0029459630586843406,0.31445300445630064,-0.0028227418989899386,2.7,Wassa Amenfi West Municipal
-5.391231343380287e-07,-6.795343670810524e-09,-0.0004971203878878971,1.406752318799942e-17,5.996993266560446e-19,0.0004541546186662557,-0.0023534387002397566,-0.002982746304295215,0.43941277428553027,0.002322220171293842,0.004759795377805516,0.004312962677528547,0.005947817053520487,0.01984720959578033,0.004418688887148226,0.0019305614509970578,0.0029414217008804497,0.3179349833431886,-0.0028065922575723954,2.7,Wassa East
-5.391231343336377e-07,-6.795343670032948e-09,-0.00042368314843185936,4.9873299934333204e-18,4.3080095697353715e-18,0.001212547830948667,0.00312612203467147,-7.517500510718038e-06,0.45374631878298743,0.002683804906344376,0.0031984207370564866,0.001721251411449445,0.000810634026616681,0.023574557442600393,0.003274899067374832,0.0008701829961681121,0.002073553881611025,0.2992181734616946,-0.0006365744182373397,2.7,Aowin Municipal
-5.391231343338546e-07,-6.795343669138481e-09,-0.00046654381212275255,5.177065373618284e-18,4.689174395999807e-18,0.0017243615506935498,0.003900666273392174,-7.51750051071793e-06,0.4539254054556848,0.0026919913870903133,0.0031911962712113323,0.0017300658466810907,0.0008141370370162454,0.02376749326392422,0.003281116356422014,0.0008823554011886245,0.002086710237358311,0.29875782816255164,-0.0006365744182373384,2.7,Bia East
-2.8489253464066336e-07,-2.4848419931939973e-05,0.0006783624037794571,4.065758146820642e-18,3.804871999066317e-18,0.001724361550693552,0.003876561325945149,-5.2514612313308054e-06,0.45409112629879456,0.0026988138155844763,0.0031482332028449187,0.0017320976591407142,0.0008153668724760772,0.02385744748475226,0.0032894896108329828,0.0008901928889729558,0.0020917454944491443,0.2974117740923073,-0.0006330423330091187,2.7,Bia West
-2.848925346392539e-07,-2.4848419931941545e-05,0.0007077202520465693,2.876523888875604e-18,4.1555436392295975e-18,0.0015557818535122403,0.002725823003350461,-5.251461231330589e-06,0.45386535537806894,0.0026988138155844745,0.0031482332028449204,0.0017320976591407146,0.0008153668724760761,0.02362525425147489,0.0032894896108329828,0.0008567740486843945,0.0020917454944491443,0.29799328684503223,-0.0006332119199328285,2.7,Bibiani Anhwiaso Bekwai Municipal
-5.391231343384082e-07,1.6755945469023925e-05,-0.00046654381212275363,1.1926223897340549e-18,4.145379243862546e-18,0.0015557818535122398,0.0038267289756480968,-7.517500510717903e-06,0.4538891364999645,0.002691991387090315,0.003191196271211336,0.0017300658466810925,0.0008141370370162448,0.023760655517142147,0.0032811163564220158,0.0008823554011886236,0.0020867102373583095,0.2990266891191678,-0.0006365744182373332,2.7,Bodi
-5.391231343397092e-07,1.675594546902436e-05,-0.00042368314843186066,3.63207727782644e-18,4.9314258189145366e-18,0.0017243615506935502,0.003199021579322946,-7.517500510717903e-06,0.4538233822832808,0.0026919913870903133,0.0031911962712113376,0.0017300658466810903,0.0008141370370162457,0.023585780824264577,0.003281116356422015,0.0008742148264068384,0.0020867102373583104,0.2984917256389644,-0.0006365744182373332,2.7,Juaboso
-5.391231343376493e-07,1.675594546902352e-05,-0.0004236831484318622,-4.431676380034499e-18,3.63207727782644e-18,0.0015321859602611724,0.003835334838698826,-7.517500510718038e-06,0.4538938418834307,0.0026919913870903115,0.0031911962712113323,0.0017300658466810912,0.0008141370370162456,0.023760655517142137,0.003281116356422015,0.0008823554011886236,0.0020867102373583095,0.2989941131022109,-0.0006365744182373447,2.7,Sefwi Akontombra
-5.391231343345051e-07,-6.795343668189804e-09,-4.3515384274507023e-05,1.6703489719854803e-18,4.009853972301858e-18,0.0015557818535122407,0.003153779742271363,-5.25146123133048e-06,0.4538250876087134,0.002692497887902643,0.003191196271211328,0.001730065846681089,0.0008141370370162435,0.023609080849789375,0.0032831693954915517,0.0008761268323953477,0.002089676291087684,0.29830621095054405,-0.0006353522087655905,2.7,Sefwi Wiawso Municipal
-5.391231343349388e-07,1.675594546902349e-05,-0.0005095015928664332,2.8731357570865868e-18,8.265347499307463e-18,0.0015321859602611726,0.003799172613627874,-7.517500510718228e-06,0.45387398250150723,0.0026919913870903133,0.0031911962712113306,0.0017300658466810907,0.0008141370370162442,0.023756124558076398,0.003281116356422014,0.0008823554011886237,0.002086710237358311,0.29914048411270544,-0.0006365744182373328,2.7,Suaman
